/series/detail/168381,“…Innocence”～兄と妹の哀しい「絆」～,www
/series/detail/203651,「300歳でもいいですか…?」～エルフとダークエルフの処女♡初援交～ 見開き版,r18
/series/detail/166161,「ドＳな私がドＭになるまで」～禁断の、お嬢様へのＸＸＸ～,www
/series/detail/132081,「好き」のカタチ,www
/series/detail/175941,「恋。　　。」,www
/series/detail/175531,「恋。　　。」 ①,www
/series/detail/175621,「恋。　　。」④,www
/series/detail/183861,「恋。　　。」⑧,www
/series/detail/175561,「恋。　　。」番外 番外編,www
/series/detail/177281,「猫耳」にお願い,r18
/series/detail/131621,「補習授業｡」,r18
/series/detail/189851,『BL Short Comics by  醇ORiGiNal』※不定期連載中 002.『あれも欲しいこれも欲しい忠犬』(原画付) 【Melt…,www
/series/detail/188601,『OutCast BL Short Comics』※不定期連載中 002.『止まらない双子』(原画付),www
/series/detail/210461,『OutCast❖春丞×燈哉 篇』BL Short Comics  001.『 冷えには恋人のぬくもりを 』《春丞×燈哉》(原画付),www
/series/detail/188621,『好き』がさまよう,www
/series/detail/188181,『虹色月見草 BL Short Comics』※不定期連載中 002.『いけない事してる気がして無理』(原画付),www
/series/detail/209691,『虹色月見草❖円環依存型ＡＲＣ篇』BL Short Comics 001.『 幼馴染で共依存な彼ら 』《洋介×真智×美鶴》,www
/series/detail/141201,【BL】Blank,www
/series/detail/141221,【BL】あまのじゃくせんぱい,www
/series/detail/145861,【BL】かわいいって言うな,www
/series/detail/143361,【BL】キミイロダイアリー １,www
/series/detail/141211,【BL】ぎゅっとして。,www
/series/detail/153741,【BL】このふたりつきあってます,www
/series/detail/139221,【BL】タイムカプセルの恋 １話,www
/series/detail/141641,【BL】友達以上、,www
/series/detail/170931,【BL】合体,www
/series/detail/173481,【BL】曇り心が晴れる時 1話,www
/series/detail/140161,【BL】素直な気持ち,www
/series/detail/141271,【BL】遊ばれてても君がすき,www
/series/detail/218091,【合本版】ガテン系の逢沢さんは絶倫すぎ！激しく何度もイカされる夜 1,www
/series/detail/214271,【合本版】ちっちゃい彼女とケダモノ彼氏～溺愛エッチでトロけるカラダ 1,www
/series/detail/221631,【合本版】ドＳ課長と蜜約セフレ性活～本気になっちゃダメですか…？ 1,www
/series/detail/217551,【合本版】今日から女の子!?未体験の快楽にイッちゃうカラダ 1,www
/series/detail/217481,【合本版】制服を着た悪魔～吸われて淫らになって～ 1,www
/series/detail/214991,【合本版】教室では入れないで ドＳ不良男子に弄ばれて 1,www
/series/detail/211271,【合本版】淫らなオフィス～ドS社長と幼馴染みに玩具にされて 1,www
/series/detail/221401,【合本版】淫らなマッサージ。お願い、イカせてっ!! 1,www
/series/detail/212721,【合本版】蜜獄ファーム～ケダモノ王子に狙われた処女うさぎ 1,www
/series/detail/218641,【同人版】シークレットヒーロー,www
/series/detail/217211,【無料版】揺れる若葉,www
/series/detail/225541,【白抜き修正版】【クズの教育・後日談】好青年カップルは休日のデートが楽しみで仕方ない,www
/series/detail/224721,【白抜き修正版】【クズの教育・番外編】優等生と同棲なんかするんじゃなかった 1,www
/series/detail/225701,【白抜き修正版】甘えん坊王子は彼のキスで目覚めたい 1,www
/series/detail/224731,【白抜き修正版】触手[番い適性検査報告書],www
/series/detail/178681,×××できるかな 小さいあたしのＨ事情,www
/series/detail/168111,××だけじゃイヤ！,www
/series/detail/46511,～17～ジューシチ,www
/series/detail/176601,～年下の男～濡れる指先に堕ちていく私…,www
/series/detail/184071,01MONKEY 1,www
/series/detail/78051,1000COMPLEX,r18
/series/detail/188661,10代処女が芸能事務所に押しかけてみたら… 1,r18
/series/detail/131661,11：50 （いちいちこまる）,www
/series/detail/166011,12日20時　男子更衣室B,www
/series/detail/61761,18 -ワン・エイト- Side-A,r18
/series/detail/214161,1泊2日、出張先のホテルで、上司との背徳な淫夜。 1,www
/series/detail/183051,204 -light of room 204-【カラー版】 1,r18
/series/detail/134081,2つの躰 ～どちらの躰も欲しいのです～ 1,www
/series/detail/145681,３人プレイ、盗撮されてイッちゃうの！,www
/series/detail/225521,5千円でキミのXXXを買った日 1,www
/series/detail/184771,7days13hours,r18
/series/detail/215071,A･I･E･K･Iエンジェルス,r18
/series/detail/126601,ABCぱにっく,r18
/series/detail/131321,Accent,r18
/series/detail/149011,ANECDOTE,r18
/series/detail/132421,ANIMALPLAY,www
/series/detail/47001,Any Questions?,r18
/series/detail/183361,Are You Ready?,www
/series/detail/151931,Auto Aiming,www
/series/detail/131671,AVALON 永遠の愛の島 1,www
/series/detail/115661,AV学園　放課後まで待てない,r18
/series/detail/135161,AV監督が僕のカノジョな件 1,r18
/series/detail/132431,BABY BITCH,www
/series/detail/43761,BABY POWDER,r18
/series/detail/157621,Beauty＆Beast,www
/series/detail/47141,Best Relation,r18
/series/detail/132231,Bitter Candy,www
/series/detail/44161,BLACK PACKAGE,r18
/series/detail/188731,BLISTER-ブリスター-,www
/series/detail/133621,BLOODIES,r18
/series/detail/132321,BL恋愛専科 1,www
/series/detail/170941,ＢＬ漫画は好きですか？,www
/series/detail/132441,BODY TALK,www
/series/detail/176781,Bounty XXX,www
/series/detail/45531,BUNNY FACE,r18
/series/detail/74351,calm 1,www
/series/detail/224751,clumsy affection 1,www
/series/detail/161621,Cocktail Time,www
/series/detail/188771,COCOROムラムラ,r18
/series/detail/156091,Confuse,www
/series/detail/209731,Crescentへようこそ 第一話 Crescent(クレセント)へようこそ,r18
/series/detail/126761,CRIMINAL DRAGNET,r18
/series/detail/112561,Cs,r18
/series/detail/140531,Cまで教えて,r18
/series/detail/51071,D-cupLOVERS,r18
/series/detail/176301,Dark Loop 1,www
/series/detail/126511,DARK WIRBEL 波乱編,r18
/series/detail/204241,DAWN,www
/series/detail/75141,DEAD or 92 前半,www
/series/detail/75151,DEAD　or 92後半,www
/series/detail/47661,Dear Little Lover,r18
/series/detail/47311,Dear sweet Heart,r18
/series/detail/132451,DESIRE,www
/series/detail/132981,DILAY LINE,www
/series/detail/220681,DKdiary 男子高校生日誌,www
/series/detail/155631,DK技術部エロテク科,www
/series/detail/131771,DOG TAG,www
/series/detail/188781,DOHCガール,r18
/series/detail/142181,DOKIDOKIきのこパーティー ‐PLUS‐,r18
/series/detail/188791,Dr.亜衣子の診察室,r18
/series/detail/188801,Dr.麻衣子 1,r18
/series/detail/160601,EDEN -溺れるトライアングル-,www
/series/detail/81961,Experience,r18
/series/detail/42191,eXpose,r18
/series/detail/188901,EYE・麻衣・ME,r18
/series/detail/188911,eシリーズ 1,www
/series/detail/178991,First Kiss,r18
/series/detail/131781,Fortune －君と出逢うために･･･－ 上,www
/series/detail/161561,from ASIA,www
/series/detail/142281,Fカップ天使マロン,r18
/series/detail/168071,Fカップ発情ナース～電マ×バ●ブ×騎乗位～【合冊版】,www
/series/detail/123881,G.B.ガールズブロウ 1,r18
/series/detail/153891,GAME 1,www
/series/detail/44181,girl Hunt,r18
/series/detail/218981,GUNストライカー,r18
/series/detail/144921,HIGH SCHOOL LANDER,r18
/series/detail/147451,Honey Punch,r18
/series/detail/204301,Hしたいけど　僕には♂が無い‼ ○○○しなきゃ出れない部屋に閉じ込められた！人外×おじさん,www
/series/detail/168041,Hな身体に教育されて…～極道娘と若頭～,www
/series/detail/188951,Hむちゅめ。,r18
/series/detail/161731,I love him 第１話,www
/series/detail/131891,I need you 前編,www
/series/detail/133191,I WILL,www
/series/detail/131901,I・LOVE,www
/series/detail/133201,I&#039;m proud of you ～初恋が永遠になるまでの物語～ 1,www
/series/detail/152491,ijimate イジメイト DIE壱話（一部青年向け）,r18
/series/detail/153471,Immoral splash!,r18
/series/detail/50261,INCEST+1,r18
/series/detail/133061,Jail Bird,www
/series/detail/46851,Justice &amp; Peace Spirits,r18
/series/detail/131931,KAIRI -海里-,www
/series/detail/41851,L･I･L･Y,r18
/series/detail/121071,Le noir,r18
/series/detail/46591,Let&#039;s エンテァティメント,r18
/series/detail/170091,Let&#039;s妄想カンキン生活,www
/series/detail/184151,Let&#039;s珍宝館！ 1,www
/series/detail/43701,LIBERAL BOY,r18
/series/detail/208701,Lily Queen 前編,www
/series/detail/151821,LOGOS,www
/series/detail/157131,LOVE &gt; RUSH,www
/series/detail/133111,LOVE BIRD,www
/series/detail/189041,LOVE BODY！ 1,r18
/series/detail/147841,Love choco 1 乱れるスーツ,www
/series/detail/133091,LOVE SNIPERS,www
/series/detail/225571,LOVE SONG,www
/series/detail/145601,LOVE・DRUG,www
/series/detail/61621,LOVE・STAGE,r18
/series/detail/177301,LOVE2 ラッキーガール,r18
/series/detail/132101,LOVERS,www
/series/detail/147001,LOVES,r18
/series/detail/189051,Lovesong from SevenStars,www
/series/detail/174831,LOVESONGが聞こえる 1,www
/series/detail/134151,LOVEとHONEYのビミョーな関係,www
/series/detail/148291,LUNATIC NIGHT 1,r18
/series/detail/46911,ＭＡＮＫＡＩ桜子,r18
/series/detail/133121,MASK,www
/series/detail/114971,Memories,r18
/series/detail/135491,Movin&#039;On,www
/series/detail/158401,MR -ミスター 1,www
/series/detail/186391,Mumble girl ～はじめてのイ・タ・ズ・ラ～,r18
/series/detail/188291,N／M～都川弦夏は二人いる～ 1,www
/series/detail/116201,NAKED BLUES,r18
/series/detail/139421,NAKED BLUES COMPLETE,r18
/series/detail/134701,NATURAL HIGH,r18
/series/detail/125491,NESS,r18
/series/detail/142401,NIGHTMARE,r18
/series/detail/135501,NIKITA お前を愛で殺したい,www
/series/detail/141861,NO STEP,r18
/series/detail/156171,NoRule,www
/series/detail/191581,NOVARA下着図鑑 （下）,r18
/series/detail/177601,OLのナマ尻、専務にいじられて。,www
/series/detail/135371,ＯＬ残酷物語,r18
/series/detail/134621,OVER DRIVE ～加速して、加熱する恋～,www
/series/detail/206391,Overflowing from behind,r18
/series/detail/193251,PARADISE★TOURS,r18
/series/detail/135511,PARTNERS 完全版,www
/series/detail/131341,Prism Love －恋する放課後－,www
/series/detail/142171,PSI遊紀,r18
/series/detail/45951,puppy Love,r18
/series/detail/114401,PUSSY TALKIN&#039;,r18
/series/detail/75081,Ｐ総研,r18
/series/detail/142241,REAL FOCUS,www
/series/detail/157141,Red  Rope,www
/series/detail/132091,RENAI,www
/series/detail/132461,Risky Game,www
/series/detail/135521,ROUND ABOUT MIDNIGHT,www
/series/detail/75251,SABUROH初期短編集,r18
/series/detail/115201,SABUROH初期短編集②「やさしくしないで」,r18
/series/detail/133581,SECRET 1,www
/series/detail/133681,Secret Key 1,www
/series/detail/133671,Secret of my heart 1,www
/series/detail/149031,SEXコレクター,www
/series/detail/132311,SEXドランカー 1,www
/series/detail/76041,Shake down!!,r18
/series/detail/133711,SIGN 1,www
/series/detail/152011,SLEEPING BEAUTY 1,www
/series/detail/42921,STAR DIVER,r18
/series/detail/157151,STRAY SHEEP,www
/series/detail/44371,Sweet &amp; Bitter,r18
/series/detail/44271,Sweet Pain Little Lovers,r18
/series/detail/133131,Sweetsよりも甘く,www
/series/detail/171051,Switch girls,r18
/series/detail/131351,SとMの関係,www
/series/detail/145161,Sに豹変！？夜パティシエ ～甘さ控えめ やらしさ倍増～ 1,www
/series/detail/165881,S彼と、Mな私のいじわる初体験～目隠しと拘束～,www
/series/detail/64481,TOY BOX -ヒメゴト改訂版-,r18
/series/detail/127961,TWINS,r18
/series/detail/133731,TWINS GAME 1,www
/series/detail/145451,URAURAジャングルヒート 蜜林プリンセス,r18
/series/detail/135531,VENUS＋,www
/series/detail/43251,volunteer Breeding ～ 飼育奉仕,r18
/series/detail/135541,WILD and TOUGH,www
/series/detail/137221,Winter Guarana,r18
/series/detail/204251,WOLF’S TUSK,www
/series/detail/158571,W執事 欲情中,www
/series/detail/50911,YEAH！,r18
/series/detail/133141,You Really Got Me,www
/series/detail/56351,YUINA Typhoon!,r18
/series/detail/135551,Zip-up boy,www
/series/detail/143511,アーン！巨乳美剣セイナ,r18
/series/detail/185951,ああエンジェルさま,www
/series/detail/46231,あぁん♥クレムリン 1,r18
/series/detail/169311,あい・わな・めいく・らぶ,www
/series/detail/131371,あいくるしいから壊したい 1,www
/series/detail/153351,あいくるしいから壊せない,www
/series/detail/169321,アイシテラブバブル,www
/series/detail/154351,アイツ、暴君すぎ！～担任の義兄からふしだらな指令～ 1,www
/series/detail/168141,アイツと彼と私の×××,www
/series/detail/43071,あいどるTOUCH!,r18
/series/detail/192671,アイドル肉体検査,r18
/series/detail/225581,あいの日々のはなし,www
/series/detail/166021,アイの行為を記録して～私が求めるHの写真～,www
/series/detail/145441,あい子のいちばん長い日,r18
/series/detail/132281,アウトボクサー,www
/series/detail/135561,あおのこと,www
/series/detail/120801,あくてぃぶ心,r18
/series/detail/73631,あくまくまじっく完全版 1,r18
/series/detail/156181,アクマでも愛してくれる？,www
/series/detail/189321,アゲチン,r18
/series/detail/174051,あげる,r18
/series/detail/150391,アサミヤくん開発計画！,www
/series/detail/90022,アストロメイド,r18
/series/detail/58541,アスファルトの体温,r18
/series/detail/59051,アタシたちがキモチいいコトに貪欲な理由,www
/series/detail/45981,アダルトキッズ,r18
/series/detail/135781,あっ、イヤッ！脱がさないで！！～夢見る就活生だったのに騙されて無理矢理AV業界で働かされてます～ 1,www
/series/detail/186001,あっぷるデリバリー 1,www
/series/detail/170101,あてどもなく,www
/series/detail/217911,あなたとラ・ラ・RUN～後輩君の絶倫すごテク～ 合冊版,www
/series/detail/169511,あなたの…いいなり妻,www
/series/detail/203501,アナタは何故ニッポンに? ～ウブな金髪留学生をハメ撮りOMOTENASHI♥スペシャル～ 見開き版,r18
/series/detail/76965,アナルエンジェル,r18
/series/detail/74711,アナルジャスティス,r18
/series/detail/132671,あに×いもうと 1,www
/series/detail/156111,アニキの恋男はオレ！？,www
/series/detail/131381,アニマル・ライフ 1,www
/series/detail/131081,アニマル・ライフ大学生編 1,www
/series/detail/135041,アニマル☆フリークス,www
/series/detail/69921,あねSWEET,r18
/series/detail/168691,アネと弟と幼なじみ～恋は乱れて～,www
/series/detail/143191,アネモネ,r18
/series/detail/157631,あの子の秘密,www
/series/detail/189351,あの子はミラクル,r18
/series/detail/199761,あの日の続きをしよう,www
/series/detail/157851,あばかれる瞳,www
/series/detail/210331,アビリティ蘇る野獣の血脈上巻,r18
/series/detail/210341,アビリティ蘇る野獣の血脈下巻,r18
/series/detail/148421,あぶない執事,www
/series/detail/135841,アブナイ蜜欲異性交遊 1,www
/series/detail/189411,アプリ・彼女 1,r18
/series/detail/189431,アヘドル～キモデブ童貞でもヤリ放題出し放題～ 1,r18
/series/detail/59161,あまあまパラダイス,r18
/series/detail/135141,あまいだけじゃいやなの,www
/series/detail/43181,あまえんぼっ,r18
/series/detail/46011,あまねりつか恋愛短編集,www
/series/detail/133151,アメトムチ,www
/series/detail/189451,あやなとヒミツのセフレサークル 1,r18
/series/detail/67961,アルケミラの雫,r18
/series/detail/43521,あるこリズム―超肉感モバイルPCトマP!2 1,r18
/series/detail/160611,アンコントロール ～制御不能～ 1,www
/series/detail/225731,アンジュール・アディクション,www
/series/detail/189501,アンチックロマンチック 1,r18
/series/detail/115411,アンチテーゼ,r18
/series/detail/196801,アンチな彼女＝欲求不満 アンチな彼女はフラストレーション,r18
/series/detail/48951,アントニーとクレオパトラ,r18
/series/detail/213121,アンドロイドは電気コケシの夢を見るか,r18
/series/detail/47401,いいこと。,r18
/series/detail/43551,イイことしないか小猫ちゃん 上巻,r18
/series/detail/123731,イエローメロンの子供たち,r18
/series/detail/176631,いきなり絶頂☆暴走ロストヴァージン,www
/series/detail/160291,イクかイカすか! 男子の快楽経験値,www
/series/detail/226461,イク顔みせて！～純情アシは絶倫漫画家のデッサンドール 1,www
/series/detail/131401,イケない・イシュコンタン,www
/series/detail/145691,イケナイお嬢様のＨな病んやん 1,www
/series/detail/189551,いけないお隣さん,r18
/series/detail/129801,いけないキスをもっとして,www
/series/detail/162011,イケナイコト2003,r18
/series/detail/127021,いけないママMILK♡,r18
/series/detail/62991,いけない兄妹愛,r18
/series/detail/188831,いけない指 いけない身体,r18
/series/detail/189561,イケナイ関係,r18
/series/detail/132661,イケニエチカン,www
/series/detail/166151,イケメンたちの恋事情～僕は君だけを愛したい～,www
/series/detail/168771,イケメン上司を責めたくて～表の顔とウラの顔～,www
/series/detail/169331,イケメン歳の差制服男子～かなり年下～,www
/series/detail/212641,いじわるな番の熱に溺れて…  1,www
/series/detail/224631,いじわるな番の熱に溺れて…～後天性Ωは抱かれたい 1,www
/series/detail/177871,いたいけなダーリン,r18
/series/detail/127111,いたずらスイッチ,r18
/series/detail/128181,いたずらな彼女,r18
/series/detail/160621,イタズラな指先,www
/series/detail/146681,いたずら注意報！,r18
/series/detail/177271,いちごチャンネル 1,r18
/series/detail/131411,いちごのひみつ,www
/series/detail/134141,いちご模様,www
/series/detail/189591,いぢっちゃダメ 秘蜜の放課後 1,r18
/series/detail/46791,いつかどこかで,r18
/series/detail/133161,いつか恋が叶うまで,www
/series/detail/150751,いつか見た夢のように,www
/series/detail/134831,いっちゃう！セクハラ社交ダンス部,r18
/series/detail/142161,いつもギラギラする日,r18
/series/detail/46621,いつも誰かと朝帰りっ,r18
/series/detail/152711,いとこどうし,www
/series/detail/45591,いとしのお庭番,r18
/series/detail/189571,イナズマの友情【分冊版】 1,www
/series/detail/133171,いま、きみの胸に,www
/series/detail/145711,イメクラ特訓お嬢様 淫靡、レースのくいこみ。,www
/series/detail/179331,いやらしい夢,r18
/series/detail/44611,いろエロえっち！,r18
/series/detail/158581,いろはの「い」,www
/series/detail/47461,イン＆ヤン・ドールズ,r18
/series/detail/73431,インモラル壱号,r18
/series/detail/133181,インラン☆テディは刑事,www
/series/detail/189691,ヴァージンあげちゃう（カラー化単行本）,r18
/series/detail/132781,ヴァージン白書 1,www
/series/detail/132121,ヴァーチャル・ラバーズ,www
/series/detail/126791,ヴァンパイア猫娘騒動譚,r18
/series/detail/153381,ヴァンピール人形 ～汝の名はヴァンピール 血と性を貪る淫花 1,www
/series/detail/129441,ヴィシャス,r18
/series/detail/135471,ウェディング・パフューマー,www
/series/detail/174041,ウサギとカメ,www
/series/detail/167771,うちのカレシはヒロピンマニア その①,r18
/series/detail/159961,ウツクシイヒト,r18
/series/detail/135311,ウツシヨガタリ,www
/series/detail/166031,え!!え!!～彼氏がマグロなハプニング～,www
/series/detail/153571,ええ加減にせぇ！ 1,www
/series/detail/131421,エゴイスティックに抱きしめて,www
/series/detail/47091,エス／太陽はボクらの敵,r18
/series/detail/185071,えっちなお嬢様と執事の禁断ご奉仕,www
/series/detail/166171,えっちな串刺しバーベキュー（二本）,www
/series/detail/168421,えっちな夫と癒らし妻,www
/series/detail/131431,えっちな遊びはもうやめて,www
/series/detail/154621,えっちのレシピ,www
/series/detail/146291,えっち団結,r18
/series/detail/143981,エドダスR,r18
/series/detail/148081,エリート社長と再会エッチ 1,www
/series/detail/42241,エレベーター,www
/series/detail/132691,エロ◆ラバ 1,www
/series/detail/189821,エロ☆モテ学園～襲われ系男子 鳴海いざとの受難～ 1,r18
/series/detail/189831,エロカワびっちーず～ヤリたくてタマらないJKたち～ 1,r18
/series/detail/141871,えろぐるめ,www
/series/detail/189841,エロすぎる妹と不謹慎な俺,r18
/series/detail/112571,えろたま,r18
/series/detail/135571,エロチックメルヘン,www
/series/detail/70141,エロティーン,r18
/series/detail/131471,エロトレ！,www
/series/detail/206671,エロマンガノゲンバ　マンガ図書館Z版 1,r18
/series/detail/135391,エロ姫,r18
/series/detail/41311,エロ河童,r18
/series/detail/126551,えんじぇる気分 －後編－,r18
/series/detail/222241,オール校内写生,r18
/series/detail/133221,おあとがよろしいようで。,www
/series/detail/165951,おいしい恋とえっちの育て方,www
/series/detail/167141,おいしい生徒を堕とす方法,www
/series/detail/145721,おいらん姉妹痴態、廓で三人あそび。,www
/series/detail/198371,おさななじみのJKはエロ実況配信者　～親友の彼女を寝取るオレ～ 1,r18
/series/detail/203321,おしえて、発展途上！,r18
/series/detail/48591,おしえて♡お姉さん,r18
/series/detail/133231,おしえてせんぱい,www
/series/detail/190011,おしおきの時間,r18
/series/detail/151541,おしゃぶり先生 ～ワケあり優等生の弱み～ 1,www
/series/detail/203081,おしゃぶり先生 おかわり 1,www
/series/detail/223371,おしゃぶり妻 前後にお口に同時に出し挿れ【豪華版】,r18
/series/detail/42571,おちゃめだねっ,r18
/series/detail/190071,おっぱいビッチ牧場 1,r18
/series/detail/133241,オトナコドモな恋,www
/series/detail/135581,オトナの世界に光るしずく,www
/series/detail/153651,おとなの時間,www
/series/detail/190081,おなかにいっぱい、あやかしの種 1,r18
/series/detail/209021,おなかにいっぱい、あやかしの種【単行本版・書き下ろし特典付】,r18
/series/detail/217221,オナホになりたいお嬢さま -SEX Saves the World- Scene1,r18
/series/detail/41791,おねえさんといっしょ,r18
/series/detail/154261,おねだりされたら断れない！？～家庭教師のお姉さんにいたずらエッチ 1,r18
/series/detail/131481,オフィス狩り 1,www
/series/detail/135601,おまえの冷たい唇に,www
/series/detail/157211,おまえの虜,www
/series/detail/126571,おまかせ♡バニーメイド,r18
/series/detail/131361,おやすみ☆ダーリン,www
/series/detail/138861,おやすみ♥ラブダーリン,www
/series/detail/185051,オラとかかあの馴れ初め噺 作品名翻訳　(俺と嫁さんのなれそめのお話),r18
/series/detail/50471,オルゴンボックス,r18
/series/detail/179061,オレ、腐男子なんです～BLにハマって欲情中～,www
/series/detail/135611,オレさま☆ツインズ,www
/series/detail/182121,オレの大事な♡♡を襲い可愛がるな！,www
/series/detail/154251,オレの左手が美女を喰いまくる ～千人斬りを託された童貞 1,r18
/series/detail/222931,オレの方がいいだろ？～露天風呂で理性が飛ぶ5秒前。～ 1,www
/series/detail/202261,オレはクズだけど…それでも？ ～従順モンスターの罪～,www
/series/detail/190221,オレンジ・タイム,r18
/series/detail/132041,オレ達の恋愛日誌,www
/series/detail/183591,オレ限界！～テントde密着欲情旅行～,www
/series/detail/127041,おんなのこ,r18
/series/detail/133261,オンナノコノヒ,www
/series/detail/187541,おんなのこのよりみち,r18
/series/detail/190231,おんなのこは真夜中に,r18
/series/detail/43821,おんなのこ遊園地～ガールズパーク～,r18
/series/detail/151831,お仕置きです！,www
/series/detail/166971,お兄ちゃんと危険なゲーム～攻略されるのは私～,www
/series/detail/151911,お兄ちゃんは皇子様！？～俺がお前を女にしてやるよ 1,www
/series/detail/157331,お前の処女をプロデュース ｂｙオオカミ男子＆豹プリンス 1,www
/series/detail/218031,お堅い秘書の躾け方 1,www
/series/detail/74581,お姉さんがいっぱい！,r18
/series/detail/137291,お姉さん欲望炎上,r18
/series/detail/49841,お姉ちゃんがいっしょ,r18
/series/detail/190321,お姉ちゃんがワカンない！ 1,r18
/series/detail/71351,お姉ちゃんのお願い,r18
/series/detail/185331,お嫁になったら夜にすること 1,www
/series/detail/176581,お嬢様とお兄ちゃん～強引に奪って～,www
/series/detail/181581,お嬢様は知りたがり♪,r18
/series/detail/171281,お手柔らかに花吹くん,www
/series/detail/193291,お気に召すまま,www
/series/detail/149281,お熱いのがお好き！【改訂版】,www
/series/detail/190171,お熱くCOOLに教えてア・ゲ・ル,r18
/series/detail/130381,お願い♡満珠を守って！,r18
/series/detail/156251,お風呂で合体計画♥,www
/series/detail/133271,ガードブレイク！,www
/series/detail/181501,ガーリィガーリィガーリィ：ジュニアアイドルショップ物語,r18
/series/detail/178981,ガールズキングダム～エッチなゲームしようよ～,www
/series/detail/153661,カオル・マニアック,www
/series/detail/62391,がっちり夢みましょ！ 1,r18
/series/detail/212731,ガテンおじさんと10歳差の絶倫エッチ 1,www
/series/detail/214281,ガテン系の逢沢さんは絶倫すぎ！激しく何度もイカされる夜 1,www
/series/detail/148721,カノジョが俺の元カレに襲われています!! 1,www
/series/detail/185281,カブキ 壱 ～華の章～,www
/series/detail/192701,カマキリ自選傑作集,r18
/series/detail/75441,カム・トゥ・マイ・ベッド・サイド,r18
/series/detail/150121,カラダで払ってもらおうか ～真夜中の接客業 1,www
/series/detail/150261,カラダで覚える１８禁！！～続きは俺で 1,www
/series/detail/139771,カリスマの友達 1,www
/series/detail/153851,カリスマママ,r18
/series/detail/145331,カレと親友、どっちと寝ちゃうの？＜コスプレ女装編＞ 1,www
/series/detail/225591,がんばれ！インキュバスくん,www
/series/detail/151551,ガンレイヴン ―荒野の黒き翼― 1,www
/series/detail/144001,キケンレンアイＳ 1,www
/series/detail/188311,キスから始めよう 1,www
/series/detail/168741,キスコイ～キスでカラダを溶かされて～,www
/series/detail/135621,キスだけじゃイヤ!!,www
/series/detail/133281,キスの時間です、ご主人様,www
/series/detail/188541,キスは¥300 稲葉美夕 編,r18
/series/detail/158591,キス魔とあぶない風紀委員,www
/series/detail/225681,キス魔なチャラ男と,www
/series/detail/45471,キックアウト・ラヴァーズ,r18
/series/detail/53091,キティ・エンジェル,r18
/series/detail/177161,きまぐれショートCUT,r18
/series/detail/200691,キミと恋に触れたなら,www
/series/detail/133081,キミのRHYTHMにボクのRHYME 1,www
/series/detail/220101,キミの陰毛,r18
/series/detail/133291,きみは僕に愛を突き刺す 上,www
/series/detail/133301,きみは僕に愛を突き刺す 新章完結編　 1,www
/series/detail/131131,キミは年下の男,www
/series/detail/135801,きみみたいなおんなのこ,www
/series/detail/128031,キャプテンキッド 第01巻,www
/series/detail/44081,キャプテンナナの冒険,r18
/series/detail/44581,キャプテンナナの冒険０２,r18
/series/detail/42401,ギャラクシーＦＯＸ,r18
/series/detail/44901,キャンパス・エンジェル,r18
/series/detail/67841,ぎゅりえっち,r18
/series/detail/176331,キライジャナイヨ,www
/series/detail/63711,きらきら,r18
/series/detail/146591,きらら少女華劇団,r18
/series/detail/135631,キレてる二人。,www
/series/detail/43911,クオバディス 1,r18
/series/detail/127921,くちびる女高生,r18
/series/detail/224711,クラスのイケメンと地味キャラがバンド組む話 1,www
/series/detail/135341,クラスメイトとエッチ授業 1,r18
/series/detail/219751,クラスメイトとエッチ授業 シーズン2 1,r18
/series/detail/115171,くりーむバニラ 1,r18
/series/detail/218341,くりクリしないで♥ -エロ漫画女編集者絶頂物語-,r18
/series/detail/42801,ぐりぐり白書,r18
/series/detail/163121,ぐるぐるれっく,r18
/series/detail/179231,グレーゾーン,www
/series/detail/43961,クローバー,r18
/series/detail/169501,げーむえっち ―飯閃澪未単行本化作品集+α―,r18
/series/detail/155351,ケダモノのヒメゴト 1,r18
/series/detail/179221,ケダモノ発情期！！【完全版】,www
/series/detail/212481,ケモミミ・ラプソディー 1,www
/series/detail/182641,ケンタウロスの月 1,www
/series/detail/46421,ゴーイングバッド,www
/series/detail/65231,ゴーゴーヘブン！！ 1,r18
/series/detail/132131,コーヒーブレイク,www
/series/detail/203211,ゴー娘 〜五割引娘〜,r18
/series/detail/226381,こうして人妻は不倫をする～夫にはヒミツよ…～,r18
/series/detail/135641,ココロサワイデ,www
/series/detail/139811,ココロまで熱くして,www
/series/detail/144761,こちらシャムネコ宅配便,r18
/series/detail/137271,ごっくんHONEY,r18
/series/detail/133311,こっち向いて！旦那さま,www
/series/detail/160781,こともあろうに！ セフレでGO！編,www
/series/detail/211681,こともあろうに！（10） 壁を扉に変えるから怖がらずにノックして！編,www
/series/detail/161541,こともあろうに！（２） 絶望フラグは突然に編,www
/series/detail/162371,こともあろうに！（３） スパイシーショートケーキ編,www
/series/detail/163051,こともあろうに！（４） 僭越ながら恋人になってみたい編,www
/series/detail/166531,こともあろうに！（５） 直人、予約されたってよ編,www
/series/detail/169161,こともあろうに！（６） やりちんずラブ編,www
/series/detail/174141,こともあろうに！（７） 男子高校生X～俺、失敗したので～編,www
/series/detail/184781,こともあろうに！（８） キミはシンデレラボーイ My precious one編,www
/series/detail/204951,こともあろうに！（９） 諦めたらそこで人生終了だよ編,www
/series/detail/164221,こともあろうに！（裏） secret base～チャラ男がくれたもの～,www
/series/detail/193271,こともあろうに！（賀正） あけおめ夢であえたら編,www
/series/detail/153681,こどもの時間,www
/series/detail/160531,この世で最も嫌いな男 1,www
/series/detail/153621,この先、すれ違い 1,www
/series/detail/133321,この恋、予約済み。,www
/series/detail/177721,この手は離せない,www
/series/detail/158661,ごほうびは唇に,www
/series/detail/187601,こまなこ,r18
/series/detail/43341,ごめんね♡アッチー 上巻,r18
/series/detail/128311,これもん白書,r18
/series/detail/133331,これも仕事と割り切って,www
/series/detail/133051,こわれもの,www
/series/detail/186071,こんなに近くに君がいる 1,www
/series/detail/135651,こんな恋も悪くない,www
/series/detail/43261,コンプレックス 1,www
/series/detail/198491,ご命令とあらば,www
/series/detail/167061,ご奉仕メイドと横暴ご主人様,www
/series/detail/59691,ご奉仕リップス,r18
/series/detail/131001,さ～ふぃん☆ばに～,r18
/series/detail/133351,サービスライフ,www
/series/detail/75661,サイヴァーン☆サーガ 1,r18
/series/detail/44481,サイレント・ローズ,www
/series/detail/168451,サクライロの肌～欲しくてピンクに染まるカラダ～,www
/series/detail/41561,さくらもち,r18
/series/detail/190751,さくらんぼ姫,r18
/series/detail/135681,ささ夜の恋,www
/series/detail/191081,サディスト,r18
/series/detail/191091,サディストは眠らない,r18
/series/detail/185901,サディスト彼氏の作り方【分冊版】 1,www
/series/detail/182241,サトリαとサトラレΩ 1,www
/series/detail/191301,サドルマン 1,r18
/series/detail/156261,サド歯科医とマゾ教師,www
/series/detail/191331,サヨナラ童貞～ハメハメ人妻温泉～ 1,r18
/series/detail/222961,さらくーる 1,r18
/series/detail/223341,さらくーる【増量版】 1,r18
/series/detail/191341,さわるだけでイカせる男,r18
/series/detail/133801,サンタさんにお願い,www
/series/detail/180571,しあわせエッチ,r18
/series/detail/187701,しあわせになってください…ね,r18
/series/detail/44201,シィナのファブリオ,r18
/series/detail/147881,シェア彼女 ～私には二人の彼氏がいます。 1,www
/series/detail/218611,シコティッシュクラブ～性少年のから騒ぎ 1,www
/series/detail/58401,シスブラ,r18
/series/detail/168681,じつはえっちな、秘密の宝箱,www
/series/detail/63081,シャーリィホームズ,r18
/series/detail/153701,シャッターチャンス,www
/series/detail/185831,じゃまなおっ〇い  1,www
/series/detail/65961,じゃみんぐしないで！-ブルマー狂騒曲-,r18
/series/detail/155481,シャワータイムドリーム／青空るーしーズ！シリーズ番外編,www
/series/detail/153821,ジャングル・キング,www
/series/detail/133361,シュガーベイビーラヴ 1,www
/series/detail/159541,シュガーベイビィ,www
/series/detail/180021,シュガー男子は甘えた 16ページBL。,www
/series/detail/167891,ジュラシック彼氏～Hな触手で処女喪失,www
/series/detail/157521,ショートBL詰め リップスティック,www
/series/detail/169271,ジラされて～でも開発された私のえっちな身体～,www
/series/detail/41741,シルエットさくら短編集,r18
/series/detail/45901,シンデレラ・ホリディ,r18
/series/detail/55301,シンデレラ☆スキャンダル,r18
/series/detail/133391,スーツと学生服,www
/series/detail/135711,スーツを脱いだ彼,www
/series/detail/190161,スーパーガール,r18
/series/detail/144061,スーパー少女（アリス） のりちゃん＆ぐりんちゃん,r18
/series/detail/184271,スイートドロップ,www
/series/detail/161631,スィートビター物語,www
/series/detail/45111,スウィート・パーティー,r18
/series/detail/133401,スウィート・ラブ・デイト,www
/series/detail/151141,スウィートホームアローン 1,www
/series/detail/155171,スカートを脱いだ野獣。～女装男子に包囲されました！？ 1,www
/series/detail/132191,すきすき大キライ,www
/series/detail/131491,スキャンダラスに愛して シークレットラブ編,www
/series/detail/133411,ずっといっしょ生活,www
/series/detail/73751,ステキにプリーズ,r18
/series/detail/129861,ステップUP！！ ～年の差彼に抱かれる方法～ 1,www
/series/detail/153881,ストーカーくんの淫愛教育 ―淫らな鎖に囚われて― 1,www
/series/detail/176391,ストーカー女子のまさぐり責め★欲情うずく恋,www
/series/detail/188071,スパダリな女装男子 1,www
/series/detail/216281,スペシャル留魔,r18
/series/detail/47221,スミレ咲きます,r18
/series/detail/152031,スリープ,www
/series/detail/158921,ズンと来た、おばさんの熱,r18
/series/detail/220561,セイジとジュンヤ,www
/series/detail/155991,セイレーンのいいなり ～私は彼の思うがままに鳴かされる小鳥～ 1,www
/series/detail/146421,セイント★シャワー,r18
/series/detail/196411,セクハラ大魔王,r18
/series/detail/156271,セクハラ教室,www
/series/detail/190761,セクハラ整骨院～そんな所まで触るんですか!?～ 1,r18
/series/detail/207191,セックス≠愛？〜ダメッ…こんなの…知らない…ッ〜,www
/series/detail/136101,セックスしかすることがない,www
/series/detail/131101,セフレな関係,www
/series/detail/166051,セフレラバーズ～本当に手に入れたかった相手～,www
/series/detail/135971,セフレ倶楽部 ～普通のセックスじゃ愛を感じられない僕ら～ 1,www
/series/detail/135731,セルリアンブルーの空,www
/series/detail/190791,セレブビッチ～キモ庶民の巨根で人類を救え！～ 1,r18
/series/detail/156311,センセーノアヤマチ,www
/series/detail/135741,センチメンタル・ロマンス,www
/series/detail/167041,せんぱいっ、マイクが入ってます～アブない下校時間～,www
/series/detail/62381,そ～ゆうプレイ,r18
/series/detail/190801,ソープ水滸伝 1,r18
/series/detail/149151,そこのキミ、耳とシッポが出てますよ？～十二支、高校生になる～【合冊版】,www
/series/detail/41611,そこまでだぜハニー,r18
/series/detail/135751,そして、つながる。,www
/series/detail/166131,その「S」、受け止めます～私のカラダも手入れして～,www
/series/detail/184461,その天使キョーボーにつき,www
/series/detail/168391,その指で、私に触れて～優しい歯医者との恋～,www
/series/detail/177311,その日が来たら,www
/series/detail/157861,その町で男はバスを降りた,www
/series/detail/225611,その瞳にうつるもの,www
/series/detail/219461,その社長、イケメンですが童貞です～初恋をこじらせてしまいました～ 1,www
/series/detail/135861,それは先生,www
/series/detail/152101,そんなにくすぐられたら…発情快楽女子部員,r18
/series/detail/135871,ターコイズ・トラップ,www
/series/detail/137051,ターニング・KISS,r18
/series/detail/74821,ターニング・ラブ,r18
/series/detail/168081,ダーリンは小説家～秘湯で淫らな秘め事～,www
/series/detail/133431,ダイキライなLOVE 1,www
/series/detail/146111,だいたん看護婦さん,r18
/series/detail/139781,ダシタイ！ 俺の汁とアイツの喘ぎ声,www
/series/detail/184451,ただ君を抱きたくて,www
/series/detail/157871,だって愛じゃない!?,www
/series/detail/160631,ダブルＳ彼氏 1,www
/series/detail/135891,たぶん愛だろう,www
/series/detail/122371,たまごっこ,r18
/series/detail/50551,タマヒメサマ,r18
/series/detail/148971,ダメッ！肉体チェンジでイク ～隠れ野獣とカノジョのヒミツ 1,www
/series/detail/157601,ダメな先輩ですけれど,www
/series/detail/133441,ダメな男ほど愛しい,www
/series/detail/190671,ちぇりぃふらわぁSISTERS,r18
/series/detail/134841,ちぇんじ！愛されBODY☆大人のどきどき変態？誘惑エステ☆ 1,r18
/series/detail/124631,ちち,r18
/series/detail/149701,ちっちゃいの！,r18
/series/detail/132391,ちっちゃい先輩 1,www
/series/detail/216381,チャルダッシュ姫,r18
/series/detail/224421,チョコ is Backwards,r18
/series/detail/130711,チョコナッツ,r18
/series/detail/134161,チヨコレイト,www
/series/detail/147631,ちょっと待って奥さん！-悠理愛短編集-,r18
/series/detail/190991,ちょっぴり小悪魔,r18
/series/detail/116261,ちんたま,r18
/series/detail/183611,チン凸運動会～お尻にハメた子1等賞～ 1,www
/series/detail/153831,ツイてる♂オトコ,www
/series/detail/177151,つぼみ白書,r18
/series/detail/142841,つむじにKISS,www
/series/detail/165991,つめえり姫 ～素肌にあなたの薫り～,www
/series/detail/126431,つゆだく,r18
/series/detail/59561,つるぺた天使,r18
/series/detail/167101,ツンデレさん,r18
/series/detail/183621,ツンデレリーマン～ドライでイっちゃう,www
/series/detail/41911,ティーブレイク,r18
/series/detail/187001,デカ●ンオモチャにイカされました！？～擬人化男子たちの夜～ 1,www
/series/detail/223001,デカすぎそんなの挿らない～学園全域襲われセックス～【豪華版】,r18
/series/detail/204051,できちゃう精飲式,r18
/series/detail/152381,できる女は浮気性,r18
/series/detail/210951,てこフレ！ ～てこきフレンズ～,r18
/series/detail/174311,でも、テンパっても、Kissしたい！,r18
/series/detail/191061,デンジャラスセクシー,r18
/series/detail/203831,てんねん♥,r18
/series/detail/153901,ドＭ・わんこのオトナ計画 ～属性SとM～,www
/series/detail/170251,ドM男子は宅配便でやって来る!!,www
/series/detail/146641,ドSP ～余す事なくお前を濡らす～ 1,www
/series/detail/146771,ドＳアイドル×性処理係 ～ステージ裏で「愛」を注がれるただ１人の「女」～ 1,r18
/series/detail/191111,ドSな彼氏にもう夢中！～GO TO THE WONDERFUL DAYS～ 1,www
/series/detail/178941,ドS俳優の絶倫マネジメント～秘蜜の情事を覗かれて…～,www
/series/detail/141901,ドS彼氏の本音 ～インモラル女子校生～,www
/series/detail/183631,ドS教師の教育指導～お仕置きはカラダで～ 1,www
/series/detail/176701,ドS王子の淫らなレシピ！！-食べられちゃうのは私！？-,www
/series/detail/150771,どうかこの感情を君の名で 1,www
/series/detail/163181,とうしんだいやる,r18
/series/detail/60531,どきどき★リターンズ,r18
/series/detail/181001,ときめきエッチ,r18
/series/detail/46471,とくめいきぼう,r18
/series/detail/226031,どこまでもお供します！ 第１話,www
/series/detail/193181,どちゃくそ照れカップル,www
/series/detail/183331,ドッグハウス・スクランブル,www
/series/detail/185991,どっちも大好き！,www
/series/detail/150721,どっちも大好き♡,www
/series/detail/52451,となりの精液さん,r18
/series/detail/167161,とらい☆ぶっきんぐ ‐Try★Booking‐,r18
/series/detail/46141,トライアングルミステリアン,r18
/series/detail/192391,ドライバーレスカー,r18
/series/detail/214301,トラック野郎とイキすぎ絶頂街道～シフトレバーより太いアレがナカまで深く… 1,www
/series/detail/42631,トラブル・カルテット,r18
/series/detail/66581,とらぶるEVOCATION 1,r18
/series/detail/125011,とらぶるあんね,r18
/series/detail/142851,ドラマチックに恋してる？,www
/series/detail/151121,トリプルセック 1,www
/series/detail/131711,トレジャーガード沙羅 禁断の魔淫玉,r18
/series/detail/183311,とろけるほど愛撫して,www
/series/detail/177911,とろける媚薬は恋のクスリ～金曜日のアフターファイブ～,www
/series/detail/141411,とろっとろの涼香先生,r18
/series/detail/43281,どんまいFITNESS,r18
/series/detail/155681,ナースがお仕事,www
/series/detail/137951,ナードボイルドR,r18
/series/detail/126451,ナイトフラッパー,r18
/series/detail/178061,ナイフとキズ,www
/series/detail/153541,ないものねだりはキミの嘘 1,www
/series/detail/157341,ナカまで診ちゃダメッ！－こんなにイクなんて…聞いてない！ 1,www
/series/detail/61501,なかよしちゃん,r18
/series/detail/133461,なげやりパン屋の憂鬱,www
/series/detail/129871,なつの遊戯　美術室の秘密,www
/series/detail/57381,ナデシコ狂想曲,r18
/series/detail/136741,なぶられた乙女,r18
/series/detail/176811,ナマイキ家政夫のくずし方,www
/series/detail/76141,ナマイキ少女,r18
/series/detail/135901,なめんなヨ！,www
/series/detail/44791,なんぎな恋の物語,r18
/series/detail/184321,なんどもなんども恋をする,www
/series/detail/171361,ナンパカメラマンが 素人娘を脱がして 撮っちゃいました物語 第１話,r18
/series/detail/203791,ニートでコミュ障な俺が 人外の非常食として 異世界を旅する話 １話,www
/series/detail/44051,にくまん♡あんまん,r18
/series/detail/189751,にくまん♡あんまん 〜おかわり〜,r18
/series/detail/185081,ヌーディスト。 1,www
/series/detail/183971,ヌードの夜 1,www
/series/detail/71921,ぬきまん。,r18
/series/detail/133471,ぬくもりの言い訳,www
/series/detail/152391,ぬるぬる快感！～夏の海辺で●●●,r18
/series/detail/152471,ぬるぬる快感！～湯けむり温泉露天プレイ,r18
/series/detail/152461,ぬるぬる快感！～生クリームプレイ,r18
/series/detail/153931,ぬるぬる快感マッサージ ～あ！ソコは刺激しないでください 1,r18
/series/detail/148161,ネガティブ・ラヴァーズ 1,r18
/series/detail/157221,ネクタイとカマキリ,www
/series/detail/223281,ネトラレ～新婚なのに夫に黙って他の男と【豪華版】,r18
/series/detail/183461,ネトラレ不倫妻,www
/series/detail/217921,ねむらせ姫の呪い 鈍感処女 初めては幼馴染みと 合冊版,www
/series/detail/207431,ノスタルジア－明日への抱負　→　ガチレズをユメ見た,r18
/series/detail/135911,ノッチド・ラペルに浮気,www
/series/detail/167181,のらシス ‐WONDERING SISTER‐,r18
/series/detail/149321,ノリノリAV女優,www
/series/detail/207071,ノンケチャラリーマンとムキムキセクシー忍者はBLになれるのか 1話,www
/series/detail/153061,ノンケの俺がアダルトグッズにおちるわけがない!? 1,www
/series/detail/150481,ノンケの俺がおまわりさんなんかにハマるわけがない！？ 1,www
/series/detail/133811,は？これって私の彼氏？ 1,www
/series/detail/45821,バージン♥ラブ,r18
/series/detail/67671,バージンショック,r18
/series/detail/167051,バージンロードをもう一度,www
/series/detail/153911,ハード・トライアングル,www
/series/detail/123041,ハートはここに,r18
/series/detail/41441,ハートフルクォーター,r18
/series/detail/177711,パイナップルフィーリング,www
/series/detail/191821,ハケンの肉汁 1,www
/series/detail/43591,ハコイリ ～HeartMark～,r18
/series/detail/179871,はじめては、同学年のペンギン系女子！ 「イェーイ♪v(・∀・*)」,r18
/series/detail/133481,はじめの第一歩,www
/series/detail/195061,ハスミとフジマキの秘密,www
/series/detail/131521,ハダカの純愛,www
/series/detail/46281,ばちかぶり姫 ～夜羽黙示録～,r18
/series/detail/42601,ハチミツ入りのひみつ,r18
/series/detail/133491,はつこいおさななじみ。,www
/series/detail/45681,ハッピー・トーイ,r18
/series/detail/153041,ハニー・ソード 1,www
/series/detail/131531,ハニーダイブ！〜獣男子とスイーツ男子にみだれてトロけて汚されて〜,www
/series/detail/42461,ハニームーンの散歩道,www
/series/detail/225621,はのくり 1,www
/series/detail/200641,ばばあ男子受BL本　六太×てい　 ①大型犬しつけ,www
/series/detail/148301,パパだなんて呼びたくない ～背徳の禁断レンアイ 1,www
/series/detail/217931,パパのハートにノックして 憧れの先輩、あなたに溺れたい!! 合冊版,www
/series/detail/135921,パパの恋人,www
/series/detail/133501,バラと黒猫,www
/series/detail/161761,ハルノヒニ,www
/series/detail/43041,ぱれぴらぱらだいす,r18
/series/detail/131541,バロック ～歪んだ真珠～ 第一話　歪んだ真珠,www
/series/detail/164851,パロディーzone魔女っ子エリス,r18
/series/detail/169031,ハンサムしかいない！！！！！,www
/series/detail/158671,バンソコと髭。,www
/series/detail/160261,パンチDEデート,www
/series/detail/132591,パンツ売ります♡  ～街の可愛いパンツ屋さん～,r18
/series/detail/167421,パンティ、脱がせます！,r18
/series/detail/225721,パン職人の恋人 1,www
/series/detail/148481,ぴーちしろっぷ,r18
/series/detail/168711,ピアノレッスン～甘くて苦い初恋～,www
/series/detail/129471,ひそひそ遊び,r18
/series/detail/187011,ビッチくんの恋人さがし,www
/series/detail/150611,ひとくちちょうだい,www
/series/detail/132791,ひとつ、屋根の下。 1,www
/series/detail/143451,ひとりよがり,r18
/series/detail/158931,ヒミツのママゴト,r18
/series/detail/168701,ヒミツの勉強会,www
/series/detail/160921,ひみつの妹,r18
/series/detail/131551,ひみつの生徒会室,www
/series/detail/185591,ひみつの職員室,www
/series/detail/41011,ビミョーなカンケイ,r18
/series/detail/191901,ビューティ・ヘア自選傑作集,r18
/series/detail/163111,ヒラメ・乙姫・姫初め,r18
/series/detail/133101,ピリカ・ラブ 前編,www
/series/detail/157231,ヒロイックエゴイスト,www
/series/detail/133031,ヒロイモノには愛がある！ 1,www
/series/detail/127741,ピロンタン21,r18
/series/detail/42431,ぴんくキャット,r18
/series/detail/47431,ピンクちゃんＶ 1,r18
/series/detail/191921,ピンクの天使 A,r18
/series/detail/184371,ピンクレモネード,www
/series/detail/124621,フ・ラ・チなルージュ,r18
/series/detail/171161,ファースト・タッチ ‐初恋‐,r18
/series/detail/44241,ファーストレッスンABC,r18
/series/detail/135931,ファイナル・インプレッション,www
/series/detail/47251,ふぇち,r18
/series/detail/158871,フェロモン系！,www
/series/detail/60461,フォールinらぶ,r18
/series/detail/164141,フキゲン×ゴキゲン,r18
/series/detail/132811,フタマタカノジョ 1,www
/series/detail/165941,ふたりで、ケモノになろうよ～えっちでなにより気持ち良く～,www
/series/detail/132841,ふたりぼっち 1,www
/series/detail/69431,ぶっかけミルクプリン,r18
/series/detail/131181,プッタネスカの恋,www
/series/detail/192021,ぷっちんフルーツ,r18
/series/detail/42481,ぷにぷにアルエット,r18
/series/detail/188491,ブライダルチェック～秘密の代償～ 1,r18
/series/detail/192091,プラスワンコミック,r18
/series/detail/176361,ふらちなチェリーボイス,www
/series/detail/135361,ブラック・スーパーマーケット ～制服女子狩り～ 1,r18
/series/detail/49771,プリーズプリーズミー,r18
/series/detail/132411,フリーター幽霊屋敷に住む 1,www
/series/detail/150521,プリアプスの檻,r18
/series/detail/150091,フリル上司 ～課長のパンツはいいパンティ。 1,www
/series/detail/134811,プリンセス・ロード,r18
/series/detail/127191,ぷりんせす＆れでぃ♡,r18
/series/detail/137681,プリンセスチャンプ,r18
/series/detail/130421,ふるえて眠れ!!,r18
/series/detail/133821,ブルックリン橋をわたって 1,www
/series/detail/224291,プルプル、横の姫始め,r18
/series/detail/42351,プルフル。,r18
/series/detail/127931,プルプルみちる,r18
/series/detail/45021,ぶれいくしてね♡,r18
/series/detail/169211,プレゼント～親友から彼にカラダを提供された私～,www
/series/detail/222231,プレミアDX 1,r18
/series/detail/210361,ふわっ、ボクの初しぼり,r18
/series/detail/133511,ベイビー☆メイビー,www
/series/detail/155671,ペット・ドール ～欲情の媚薬～ 1,www
/series/detail/148071,ペットと彼氏、どっちがイイの？ 1,www
/series/detail/131571,ペットの時間,www
/series/detail/179131,ペットは愛玩★アンドロイド～尻尾で快感ご奉仕～,www
/series/detail/159001,ベビッチッター,r18
/series/detail/223441,ペンギン系、夕立のメモリー,r18
/series/detail/64901,ボーイミーツボーイ,www
/series/detail/177901,ホイップオン！～ドSマスターへご奉仕カクテル 1,www
/series/detail/126671,ほおずり,r18
/series/detail/135951,ぼくたち男の子,www
/series/detail/60191,ぼくだって姉とSEXしてみたい！,r18
/series/detail/157741,ボクの先生はやらせてくれる,r18
/series/detail/168401,ぼくの大事なお姫さま,www
/series/detail/174001,ボクの好きな女の子,r18
/series/detail/192271,ボクの姉は御奉仕おっぱいメイドさん,r18
/series/detail/135351,ぼくの部屋の押入れには、人妻がいる。 1,r18
/series/detail/131191,ボクらの嘘と恋 1,www
/series/detail/226631,ぼくらの漂流譚 001. GULA GULA,www
/series/detail/183641,ぼく専属ヒーロー　～ヒーローはエッチな秘密をもっています！～ 1,www
/series/detail/61471,ポケットに好奇心,r18
/series/detail/135981,ポケベルが鳴るまで,www
/series/detail/43011,ほたるのきぶん,r18
/series/detail/168291,ぼっちくんの恋レッスン～僕のハジメテもらってください,www
/series/detail/135991,ボディガード,www
/series/detail/159341,ボディガード正宗司の官能と苦悩の一週間,www
/series/detail/150701,ポニーちゃんvsフォクシーちゃん,r18
/series/detail/171121,ポミュっと発射5秒前、変姉のむにむにパイズリ♪,r18
/series/detail/146911,ホンモノを教えてあげる 1,www
/series/detail/223011,ほんわか奥さんは断れない！～雀さんのエッチな日常～ 1,r18
/series/detail/143371,まーくり☆まにっしゅ,r18
/series/detail/137851,マイ・リトル・ティーチャー,r18
/series/detail/134771,マザーオアラヴァー,r18
/series/detail/192491,まさみとさとみ コレがボクの自慢の彼女 1,r18
/series/detail/136001,マジ☆スキ！ ～奪われちゃう！？～,www
/series/detail/46041,マジカルトワイライト,r18
/series/detail/139961,マスファミ『ダーナのジェラシー(R18)』フル版,r18
/series/detail/134851,マゾヒストに至る道程 ～従順な女子の飼い方教えます～,r18
/series/detail/187461,まなざしで触れて語れよ 1,www
/series/detail/47371,マネージ 1,r18
/series/detail/204221,まねきん♡,r18
/series/detail/187121,マは小悪魔のマ＋2,r18
/series/detail/127321,まほろば学園　第９話,www
/series/detail/136011,マリオネット,www
/series/detail/73761,マルクスガール 1,r18
/series/detail/135331,まんぐり姦詰 1,r18
/series/detail/216641,まんじゅう侍と桃尻姫 1,r18
/series/detail/46181,マンチェスターの夏,www
/series/detail/157411,マン願成就！ 日変神社の巫女さん日記,r18
/series/detail/123911,ミカエル計画 1,r18
/series/detail/176561,みだらな叔父と性触プレイ 1,www
/series/detail/178821,ミダラな記憶-社長秘書は2度喘ぐ-,www
/series/detail/138191,みちくさ,r18
/series/detail/161641,ミチヲ君の場合,www
/series/detail/193011,ミラクルボイス,r18
/series/detail/77552,みらくるミルダ,www
/series/detail/49391,ミルキィ★ボックス,r18
/series/detail/129941,みるきぃシャワー ～アブナイ女王の調教Ｈ～ 1,www
/series/detail/178711,ミルク♡ミルク,r18
/series/detail/42371,ミルクママ,r18
/series/detail/179031,みんな忘れて濡れていい？,www
/series/detail/217941,ムーンストーンにお願い 玉の輿願望の女 彼に抱かれる度に綺麗になれる 合冊版,www
/series/detail/132151,ムーンライトソナタ,www
/series/detail/152171,メ・シ・ベ 1,r18
/series/detail/166191,メイドシンデレラ～ご主人様は天然ドS～,www
/series/detail/212851,メガネ教師はシゲキ的,www
/series/detail/160641,メガネ男子完全攻略マニュアル 1,www
/series/detail/44491,めしべのアルバム,r18
/series/detail/48941,メヌエット,r18
/series/detail/183341,めまい,www
/series/detail/159381,メモリーポケット,www
/series/detail/47351,メルヘンブルグの若奥様,r18
/series/detail/49641,めろめろんさくら組,r18
/series/detail/151421,もうすぐ死ぬひと,r18
/series/detail/72971,もえちゃうナース,r18
/series/detail/223921,もぎたて! 花のボディコン保健室,r18
/series/detail/125001,もしかして愛かしら,r18
/series/detail/129961,もっと埋めて！　もっと癒して！,www
/series/detail/185921,もっと激しく何度もいっぱい,www
/series/detail/160421,もどかしい奴らの話。 1,www
/series/detail/184591,もどかしき恋の日々,www
/series/detail/136021,ものがたりのこれから,www
/series/detail/193301,もふもふ性戦士ぱんだりん－変身美少女ヒロインのユウウツ－,r18
/series/detail/73861,もほらぶ,r18
/series/detail/144031,ももいろミルク,r18
/series/detail/169261,ヤ・ミ・ツ・キ～快感×快感は8倍～,www
/series/detail/161771,やがてやさしい雨が,www
/series/detail/168731,やさしく運んで、強く乗って～私の運転手はあなた～,www
/series/detail/159471,やさしさの本当の意味,www
/series/detail/193321,ヤってあげる！肉食系女子寮 1,r18
/series/detail/168461,やっぱりえっちなプレゼント,www
/series/detail/136031,ヤバいぜBABY ANGEL!,www
/series/detail/114841,ヤバめ～なことにキョーミシンシンなアタシたち,www
/series/detail/77491,やまとなでシコ,r18
/series/detail/41051,やまとなですぃこ,r18
/series/detail/136051,ヤラ20,www
/series/detail/136041,やらせん！,www
/series/detail/142321,ヤりあってヤられ愛 ～SとMの快感中毒～,www
/series/detail/160521,ヤりたいお年頃の濃密な関係 改訂版,www
/series/detail/193121,ヤりまくり童貞ボーイ～女子を発情させる秘密～ 1,r18
/series/detail/155331,ヤるしかねぇ！～彼女とのえっちな就活～ 1,r18
/series/detail/179011,やれちゃう！？ 女子大生「処女」を賭けられて,www
/series/detail/134871,ヤレちゃう！人妻商店街 1,r18
/series/detail/157471,ヤレちゃうミラクルボールでこんな俺でも余裕でエッチしてみた。 1,r18
/series/detail/149161,ヤンデレの愛し方 ～強制同棲生活～,www
/series/detail/47281,ゆに♡りみっくす,r18
/series/detail/146951,ユリイカ症候群　第1巻,www
/series/detail/123481,ようこそ♡あやめ湯,r18
/series/detail/60181,よきかな。,r18
/series/detail/137541,よく出る！ 実用♡制服少女。,r18
/series/detail/130931,ライトニング★サーガ 女魔導士の塔,r18
/series/detail/136061,ライフイズビューティフル 何でも屋ジョニー,www
/series/detail/163131,ライフノート,r18
/series/detail/44341,ラヴュッ娘お兄ちゃん,r18
/series/detail/187201,らぐなぐ,r18
/series/detail/69401,らてぢる,r18
/series/detail/154461,ラノベ作家の不埒な日常,www
/series/detail/127821,ラブ・スペクタクル,r18
/series/detail/176351,ラブ、ライン、アロー。,www
/series/detail/156321,ラブ？YES,www
/series/detail/176931,ラブ★コミュ,www
/series/detail/171471,らぶTRIAL,www
/series/detail/149331,ラブヴァージン ～目隠しで支配して～ 1,www
/series/detail/135051,ラブゲーム・シャッフル,www
/series/detail/176381,ラブコネクト,www
/series/detail/121171,ラブタッチ瞳 1,r18
/series/detail/193381,ラブダメージ,r18
/series/detail/48911,ラブフィーバー,r18
/series/detail/131201,ラブペットS,www
/series/detail/132241,ラブメシ！,www
/series/detail/174771,ラブラブだもん,r18
/series/detail/158601,らぶらぶ電脳アカデミー,r18
/series/detail/131591,ラブリーベイベー,www
/series/detail/193401,らぶわん！,www
/series/detail/65501,ラブ装填☆電動ファイター,r18
/series/detail/155341,リアル×ゲーム どっちでイっちゃう！？ 1,r18
/series/detail/148311,リアル男子の攻略法、教えてください!! 1,www
/series/detail/43731,リケイくん開発しましょ,r18
/series/detail/169241,リケジョの恋～わかってくれる私のカレシ～,www
/series/detail/175951,リバーシブルフレンド,www
/series/detail/42771,リバースモード,r18
/series/detail/221191,リリカ愛NG,r18
/series/detail/147061,リリス,r18
/series/detail/184421,りんごとケダモノ,www
/series/detail/66071,ルーズセックス,r18
/series/detail/153691,ルサンチマンの青い砂 1,www
/series/detail/194541,レイコの恋,r18
/series/detail/136071,レイン・リフレイン,www
/series/detail/146121,レモンSOS,r18
/series/detail/136081,レンアイ処方箋,www
/series/detail/160141,レンタル友達≒恋人契約!?,www
/series/detail/136211,ロイヤルバージン,www
/series/detail/147621,ロイヤルライズ,r18
/series/detail/131951,ろくでなし,www
/series/detail/136771,ロケットおっぱい,r18
/series/detail/43491,ろぼっと ＶＴＯＲＮ,r18
/series/detail/153921,ロマンチストエゴイスト,www
/series/detail/133521,ロマンティックの屈折率,www
/series/detail/133531,ロマンティックの浸透率,www
/series/detail/133541,ロマンティックの配合率,www
/series/detail/135121,ロリータストア,r18
/series/detail/154181,ワガママなからだ,www
/series/detail/169231,わがままな指先,www
/series/detail/133631,わがままにキスして,www
/series/detail/155391,ワケありビッチ達の流刑スクール,r18
/series/detail/131601,ワタシとカレの三角形,www
/series/detail/130021,わたしのオンリー１～双子兄弟に淫らに鳴かされて～ 1,www
/series/detail/136361,わたしのすべて,www
/series/detail/52281,わたしを有明へつれてって！,r18
/series/detail/131631,ワリキリ恋愛♥ストロベリーMへようこそ,www
/series/detail/131941,わるい子,www
/series/detail/161781,われら宇宙防衛軍 第１話「姿あり宇宙人」,www
/series/detail/154191,われら宝裸コーポレーション,www
/series/detail/160441,ワンダフル★ボーイズ 1,www
/series/detail/185321,一ノ瀬先生、親子が狙ってます,www
/series/detail/136231,一発あてろ！,www
/series/detail/153361,七人のオオカミと子ヤギ 1,www
/series/detail/42001,七日同棲,r18
/series/detail/155811,三十二歳の地図,www
/series/detail/121341,三国志艶義 上巻,r18
/series/detail/133601,三色稲荷の凸凹結び 読み切り,www
/series/detail/223351,上官調教物語★俺たちのﾏﾙ秘交番勤務【分冊版】 1,www
/series/detail/136811,上手な男の落とし方,www
/series/detail/171541,上等だベイビー,www
/series/detail/134441,下僕と姫のいけない遊び,www
/series/detail/134361,不可侵なドルチェ,www
/series/detail/159231,不思議は何でできているか 1,www
/series/detail/225671,与根くんと人外 1,www
/series/detail/148711,世界が終わる前にイれてもいいですか？～草食男子のケモノな本性 1,www
/series/detail/168721,世界の果ての十七歳,www
/series/detail/132051,世界の終わりじゃあるまいし,www
/series/detail/192641,世界一ヤリたい少女,r18
/series/detail/152621,丸の内ＯＬ狩り 1,r18
/series/detail/165931,主従の悲恋。一度だけ、して、下さい,www
/series/detail/200171,乙女しゃぶり,r18
/series/detail/139911,乙女のお願い 1,r18
/series/detail/134821,九ノ一 千代女 1,r18
/series/detail/131161,乳まんかい,r18
/series/detail/168271,乳首好きのイケメン半魚人と恋人はじめました。,www
/series/detail/133021,乾く間もないくらいに 1,www
/series/detail/56481,二人の秘密部屋,r18
/series/detail/209631,五藤加純のコミックス未収録作品集 1,r18
/series/detail/222411,交際10年、レスな彼氏と溺れる夜,www
/series/detail/186971,人妻、夫と夫の先輩と3人で,www
/series/detail/154021,人妻いぢり ～お義父さま、そんなにしたら… 1,r18
/series/detail/199201,人妻データ・バンク,r18
/series/detail/183691,人妻ときどき情婦 1,r18
/series/detail/130681,人妻の味ぐあい,r18
/series/detail/41221,人妻家庭教師リツコ,r18
/series/detail/182221,人妻特集 読み切り短編集 1,r18
/series/detail/189481,人妻痴態短編集 1 私は最低の女,r18
/series/detail/149241,人生≧ゲーム ～控え室で突っ込め～ 1,www
/series/detail/186851,人生はバラ色だ。 1,www
/series/detail/189931,人魚の月,r18
/series/detail/171451,人魚姫のキス,r18
/series/detail/135661,人魚姫ノ褥 ～淫靡な傷跡・愛欲の檻～ 上,www
/series/detail/152781,今すぐ私と結婚してください ～婚活期限は３ヶ月 1,www
/series/detail/223181,今夜、言葉はいらない,r18
/series/detail/136561,今宵悪魔とくちづけを,www
/series/detail/158141,今度こそ本気！,www
/series/detail/150471,今日から俺がビッチなヤンキー！？ 1,www
/series/detail/184091,今日から僕は男の娘 ～今夜、女子寮でぬるぬるセックス～ 1,r18
/series/detail/176551,今日だけノーパン ドＳ課長の職務命令,www
/series/detail/128421,仔悪魔ざかり 恋ざかり,r18
/series/detail/172431,仔犬のしっぽとお砂糖と,r18
/series/detail/186911,仕返しは酔わせてハメる！？～ベッドで始まる下剋上～,www
/series/detail/161721,仮想空間A to Z,www
/series/detail/158881,仮面王子と無慈悲な夜を,www
/series/detail/134311,仲夜死上等！,www
/series/detail/150731,任侠男子と金蔓女子 ～あなたのにおいに染め上げて 1,www
/series/detail/180511,会社のニガテな先輩に仕事で助けられてしまい。,www
/series/detail/136271,何やってんの！？ オレ達。,www
/series/detail/152631,何階ですか？,www
/series/detail/211381,依存性アンドロイド 1,www
/series/detail/134061,侵入者HONEY,www
/series/detail/208691,便所妻奈々子,r18
/series/detail/45771,保健室のフルコース,r18
/series/detail/149251,保健室へいらっしゃい,www
/series/detail/168801,保護者事情～恋愛に変わるまで～,www
/series/detail/168811,保護者未満～止まる必要がない欲望～,www
/series/detail/152081,俺が傷跡フェチだということを俺のツンデレ幼馴染はまだ知らない,r18
/series/detail/154271,俺が抱きたいダメ教師,www
/series/detail/149191,俺でヌけ！～二人きりの世界で,www
/series/detail/194481,俺の兄はイカれてる,www
/series/detail/220031,俺の幼馴染(♂)がエロ可愛い,www
/series/detail/185161,俺の探偵物語,www
/series/detail/178161,俺の知らない淫乱なアイツ,www
/series/detail/160771,俺様ホスト ～ドＳ王子の逆指名～ 1,www
/series/detail/178181,俺様ホスト！ ～セクハラで乳首びん×2 アソコもビン×２,www
/series/detail/153081,偏愛 ～ハメられた人妻,r18
/series/detail/167481,傘の下で君と,www
/series/detail/131281,傷つける様に愛し合いましょう 1,www
/series/detail/161051,僕が恋したミダラな君。 1,www
/series/detail/224501,僕たちつきあってるの?!,www
/series/detail/134381,僕と俺様,www
/series/detail/155191,僕と先生とメガネ,www
/series/detail/152371,僕には僕の夢がある,www
/series/detail/134391,僕のカラダは君のもの,www
/series/detail/225651,僕のかわいい清見くん 1,www
/series/detail/134401,僕のかわいい猫,www
/series/detail/43231,僕のライディーン,www
/series/detail/202271,僕の弟子入り顛末記,www
/series/detail/143521,僕の彼女はAVアイドル,r18
/series/detail/137041,僕は僕なりに,www
/series/detail/47031,僕は君の中,r18
/series/detail/155251,僕ら、我慢できないの！,www
/series/detail/156011,僕らの明日には愛がある,www
/series/detail/137071,僕らはいつも恋してる,www
/series/detail/137081,僕らは愛をはじめたばかり,www
/series/detail/140261,僧職系男子に恋してます。,www
/series/detail/167991,僧衣の下の欲望 坊主２人と処女、逃げられない儀式,www
/series/detail/205681,儚い人,www
/series/detail/149021,優しい傷あと,www
/series/detail/176741,優しさライセンス～初めてのヒト～,www
/series/detail/155421,優柔不断は恋になる,www
/series/detail/63061,優等生も恋をする,r18
/series/detail/178231,元カノの弟 #1「ひさしぶり」,www
/series/detail/131241,元カレ,www
/series/detail/115141,元気を出して!!,r18
/series/detail/178341,兄妹相姦 開発されたカラダ,www
/series/detail/160881,兄弟妹ゲーム 1,www
/series/detail/160941,兄弟妹ゲーム＋１S 1,www
/series/detail/154371,兄弟珍技,www
/series/detail/153401,先生とボク。～大人の教室,www
/series/detail/153761,先生と僕と秘密の魔法 1,www
/series/detail/154941,先生のオモチャ,www
/series/detail/193151,先輩のカノジョ　完全版 1,r18
/series/detail/168191,先輩の好みにはなれない俺,www
/series/detail/204591,先輩熱,r18
/series/detail/187051,全部出したいっ!!～幼なじみとお漏らしヤンキー～,www
/series/detail/145321,再会は放課後のシャワールームで ～教え子との甘い交わり～ 1,www
/series/detail/166061,処女だって悩むんです！,www
/series/detail/74681,処女に祈りを,r18
/series/detail/168091,処女巫女にいたずら、着せかえ生エッチ！,www
/series/detail/205401,凪ちゃんのゆううつ 1,r18
/series/detail/131221,凶暴な恋人たち 1,www
/series/detail/129711,出張ボーイいがりくん!,r18
/series/detail/136111,初めてのメイドプレイ,www
/series/detail/167071,初めては残業中に～後輩くんにやさしく奪われて～,www
/series/detail/152181,初体験・男子,www
/series/detail/170821,初体験ノスタルジー,www
/series/detail/215661,初少女,r18
/series/detail/67681,初恋　～ういらぶ～,r18
/series/detail/57781,初恋☆電動ファイト,r18
/series/detail/199581,制服の下でうごめく誰かの指 1,r18
/series/detail/58761,制服の檻,r18
/series/detail/134491,制服処女 ～ガクラン・ヴァージン,www
/series/detail/73411,制服大征服,r18
/series/detail/155821,制服男子はドＳでドＭ,www
/series/detail/136601,刺青ニ戀シテ,www
/series/detail/42891,勇気を出して・うにうに,r18
/series/detail/133971,勘違いLOVE,www
/series/detail/188041,勤務中なのに…挿入ってる!?　女上司と倉庫で密着ラッキースケベ 1,r18
/series/detail/183001,包帯少女の受難,www
/series/detail/42031,医院で内科医？,r18
/series/detail/146401,千夏,r18
/series/detail/155921,千年の虜 ～執事・柊～,www
/series/detail/157651,午前０時、今日も私は義父に侵される。 1,r18
/series/detail/131871,危険MIX,www
/series/detail/132861,即身LOVE裸仏 1,www
/series/detail/136581,参上!!恋人は中の人,www
/series/detail/154911,友人の嫁を寝取る ～こんなにイヤらしい姿、旦那に見られてもいいのか？ 1,r18
/series/detail/217521,友達のお父さんとセックスしたい 1,www
/series/detail/136901,友達未満恋人以上,www
/series/detail/195331,古書買い取ります!! 1,r18
/series/detail/133931,可愛いダーリン,www
/series/detail/133961,叶えてみせマス！,www
/series/detail/200601,号泣！ヤラれまくり女教師 1,r18
/series/detail/168351,同じ歳になる方法,www
/series/detail/196141,同居ルール違反,www
/series/detail/197951,同居人,www
/series/detail/168261,同性と同棲 1,www
/series/detail/208901,君がいる室,www
/series/detail/134961,君がスキ ～Sな姉とMなボク～,www
/series/detail/131881,君がスキ 1,www
/series/detail/165911,君が恋を綴る～夜の、二人の個人授業～,www
/series/detail/168831,君が本当に好きでした,www
/series/detail/42661,君にエスカレーション,r18
/series/detail/134011,君に出会えたこと,www
/series/detail/149261,君に夢中,www
/series/detail/136421,君に花をあげる！,www
/series/detail/150451,君のはちみつぱい,r18
/series/detail/155701,君のペット,www
/series/detail/176911,君の素肌に溺れたい,www
/series/detail/155801,君は僕の思うツボ,www
/series/detail/156461,君をめとらば,www
/series/detail/195281,君を愛するということ 上,www
/series/detail/136431,君を見てるよ,www
/series/detail/171521,吸愛彼氏,www
/series/detail/205531,呪禁師 厭魅之章,r18
/series/detail/128171,哀母,r18
/series/detail/127311,嗜虐の絶頂,r18
/series/detail/133661,嘘つきなオトコ,www
/series/detail/187021,嘘つきはセフレのはじまり～隣のダメおじさんがエロすぎる～ 1,www
/series/detail/134171,嘘のキス甘い傷 ～禁断の恋～,www
/series/detail/114961,噂の話,r18
/series/detail/157641,囚姦ナイトミュージアム ～性に飢えた偉人たち～ 1,r18
/series/detail/204411,國津武士  単行本未収録作品集（2004～2011）,r18
/series/detail/202621,國津武士 初期作品集,r18
/series/detail/41981,地球の楽園 1,www
/series/detail/136641,執着心,www
/series/detail/153441,堕ちた人妻 ～夫には絶対いえません。。,r18
/series/detail/194241,堕ちた女たち 1,www
/series/detail/159431,堕ちる捜査官 ～囚われの身体～,www
/series/detail/41161,堕天使の詩ノラ 1,r18
/series/detail/41081,堕天使伝童羅,r18
/series/detail/176311,塾長先生と嘘つきなはづきくん。～涙とキスと欲情と,www
/series/detail/135251,境界線,r18
/series/detail/152091,壁から硬くて太くてキノコが生えて欲情する未亡人,r18
/series/detail/148261,壊された愛玩具 ～繋がれた肉体 1,www
/series/detail/161691,変愛スト～リ～,www
/series/detail/131921,変態倒錯,r18
/series/detail/152931,変態双子,r18
/series/detail/136711,変態家族,r18
/series/detail/142231,夏草ノ譜,www
/series/detail/221431,外国人上司は絶倫でケダモノ！？奥でイクまで離さないから 1,www
/series/detail/182531,夜のアザミ,www
/series/detail/166041,夜のオフィスはラブラブホテル～イケメン彼氏とちょっとだけインランな私～,www
/series/detail/131331,夜の子供たち,www
/series/detail/68841,夜の果ての旅,r18
/series/detail/175481,夜伽執事～レイ編～ 1～3巻,www
/series/detail/125031,夜光娘,r18
/series/detail/178951,夜這いで下克上！？～若頭と坊ちゃんの受攻戦争～,www
/series/detail/64361,夢で逢えたら 1,r18
/series/detail/135791,夢のむこうで、君を抱きしめる 1,www
/series/detail/186351,夢十夜,r18
/series/detail/61311,夢想花,r18
/series/detail/46541,夢色シスターズ,r18
/series/detail/134291,大事なことは後出しで,www
/series/detail/135401,大人になりたい,www
/series/detail/214081,大人の手がまだ触れない,r18
/series/detail/42721,大改造美少女アンナ ～井荻寿一単行本未収録作品集～,r18
/series/detail/41821,大生徒会,r18
/series/detail/197041,大紀の感じるHな極楽スペシャル 完全版,r18
/series/detail/152161,天使と戯れて,r18
/series/detail/41971,天使のお仕事,r18
/series/detail/148691,天使のキッス悪魔のキッス,www
/series/detail/45181,天使のささやき,r18
/series/detail/131561,天使のよろめき,r18
/series/detail/128061,天使の喘ぎ,r18
/series/detail/44931,天使の暴走,r18
/series/detail/65461,天使の羽根と悪魔の黒マント,r18
/series/detail/220511,天使の蜜壺 -中森愛単行本未収録作品集②-,r18
/series/detail/132021,天使の降る夜,www
/series/detail/145661,天使拘束 ～支配者はどっち！？～,www
/series/detail/155111,天国まで御一緒に,www
/series/detail/44021,天晴！浪漫娘,r18
/series/detail/138201,天然♥幼液,r18
/series/detail/156651,天然ＣＨＥＲＲＹ,www
/series/detail/156661,天然のオトコ,www
/series/detail/198511,天空の瑠璃鵺 ～兄キ達の逆襲～,www
/series/detail/166991,天罰!!～彼と彼女と彼女の事情～,www
/series/detail/176681,太ももから足舐め、野外で立ったまま…！,www
/series/detail/178701,太股の誘惑 官能ビーチ,www
/series/detail/45081,太陽が落ちてくる 1,r18
/series/detail/135131,太陽と月に恋して 上,www
/series/detail/132891,太陽の下、手を繋いで･･･ 1,www
/series/detail/134041,失恋の前に,www
/series/detail/43891,奈緒ちゃんエブリディ,r18
/series/detail/176431,奉公人×お嬢様～いけずな指に濡らされて～,www
/series/detail/136451,契‐ちぎり‐ 1,www
/series/detail/41001,奥サマは小学生,r18
/series/detail/167021,奥までえぐって。声を出させて。,www
/series/detail/183651,奥までハメて？ゲイ編集にノンケがおねだり～BL漫画はカラダで感じろ～,www
/series/detail/217951,奪っちゃうから 妹は姉の婚約者に全裸で夜這いをかける 合冊版,www
/series/detail/152341,女になったなんて誰にも言えない！～課長と同僚に奪われて！？ 1,www
/series/detail/45501,女のコちょっとH！？～やさしくしてね～,r18
/series/detail/200771,女の子だってえっちだよ！ 1,r18
/series/detail/195891,女の子の秘密,r18
/series/detail/200781,女の子同士～♀×♀でも気持ちいの～,r18
/series/detail/184121,女体化アイドル裏事情‐秘密共有隊‐ 1,www
/series/detail/158151,女体回転寿司 ～汚されたアワビたち～ 1,r18
/series/detail/131171,女子マネージャーの穴,r18
/series/detail/201651,女子校に男一人!?,r18
/series/detail/194531,女忍画報 三,r18
/series/detail/130941,女忍者・五星の光芒 －ライトニング★サーガ－,r18
/series/detail/186951,女教師、絶倫オヤジに跨って,www
/series/detail/45411,女教師綾子2002,r18
/series/detail/45231,女教師綾子96,r18
/series/detail/176461,女装教師と夕暮れの教室でトロトロ性の補習,www
/series/detail/134591,好きだけじゃたりない,www
/series/detail/136481,好きだけど理不尽,www
/series/detail/178481,好きなんだってば！,r18
/series/detail/149781,好色少年,r18
/series/detail/225751,妄想パズル 1,www
/series/detail/127721,妄想天使ヴィジョン,r18
/series/detail/168281,妄想癖青年～繰り広げられる濃厚S●X～,www
/series/detail/220711,妖あどろ 合本版 1,r18
/series/detail/143531,妹コレクター ～兄のヒミツ～,www
/series/detail/166441,妹しった～,r18
/series/detail/42321,妹ドロップ,r18
/series/detail/185191,妻より愛人がいい！？SEXが刺激的なの！！,www
/series/detail/155371,姉ギャル×僕×妹ギャル ワガママ姉妹にえっちなご奉仕 1,r18
/series/detail/53901,姉ちゃんより愛を込めて,r18
/series/detail/171491,委員長のおもちゃ性教育,www
/series/detail/167121,姦じるカンケイ～彼にはナイショの複数プレイ～,www
/series/detail/132911,姫と執事の甘い関係 1,www
/series/detail/166091,婚活外来,www
/series/detail/185211,婚約者の隣の部屋でオモチャにされて,www
/series/detail/47111,媚女爛漫,r18
/series/detail/157071,媚薬少年,www
/series/detail/136391,嬉し恥ずかし♥野戦訓練★ ～オレのバルカンで逝け!～,www
/series/detail/179071,子どもが見てるだろ！～新米保育士×子持ちオジさん,www
/series/detail/184101,子宝温泉の淫らな儀式～嫁になるまで何度もイカされ～ 第一湯　子孫繁栄！その儀式は突然に,www
/series/detail/137501,学園スキャンダルＨ,www
/series/detail/152201,学園セレブ様の契約カノジョはじめました！？ 1,www
/series/detail/131821,学園ペットＳ,www
/series/detail/153711,宅配恥女 ～縛られて運ばれる 1,r18
/series/detail/67871,宇宙こんにちわ02編,r18
/series/detail/149201,守ってあげちゃう,www
/series/detail/219561,完全幼殖マニュアル 完全幼殖マニュアル01,r18
/series/detail/168671,完璧アニキに首ったけ!!,www
/series/detail/183481,官能の島、男2人と女1人の激しい欲望！！,www
/series/detail/168121,官能の嵐,www
/series/detail/181891,官能小説家はセクハラがお好き,www
/series/detail/193631,実験エクスタシー #1　エピソード0　始まりの実験,www
/series/detail/41251,宵闇カーニヴァル,r18
/series/detail/157881,家庭教師のお兄ちゃんはエッチしか教えてくれない 1,www
/series/detail/209591,家政夫ケンちゃん マル秘お仕事,r18
/series/detail/47171,家畜メイド爆乳ご奉仕,r18
/series/detail/218931,寄宿学校 嬰館,r18
/series/detail/215931,密やかな関係,r18
/series/detail/62081,密室の塾,r18
/series/detail/193651,密室処女～診察編～ 1,r18
/series/detail/200951,寝取られ美人妻,r18
/series/detail/176891,寝技で1本っ！胴着の隙間の欲望,www
/series/detail/179101,寡黙男子の裏の顔～すれ違いは災難続き！？,www
/series/detail/168441,寸止めしないで!～朝まで、浴びたい～,www
/series/detail/127551,小杉あや作品集 R18もの,r18
/series/detail/194251,小説家の夢はケダモノの夢 1　ケダモノとの遭遇,www
/series/detail/181011,少しだけの放熱 ～乙吉小篇集～,www
/series/detail/75621,少女のたまご,r18
/series/detail/44671,少女の季節,r18
/series/detail/44521,少女の異常な愛情,r18
/series/detail/128301,少女伝説ミレニアム,r18
/series/detail/46691,少女性白書,r18
/series/detail/68731,少女解放区,r18
/series/detail/132171,少年の匂いがしている,www
/series/detail/168021,屋上☆発情☆パラダイス,www
/series/detail/197121,山崎大紀のフーゾク大王 潜入狂宴編 完全版,r18
/series/detail/200511,山崎大紀のマジH VOL.1 完全版,r18
/series/detail/124381,崩壊の慟哭,r18
/series/detail/169291,嵐みたいに抱きしめて,www
/series/detail/43311,巨乳の都,r18
/series/detail/136681,巨乳中出し,r18
/series/detail/161861,幕末カレシ！～肉食新撰組～ 1,www
/series/detail/223331,年上×年下２人の男に支配される身体 1,www
/series/detail/223421,年上彼女の締まるナカ～初恋女性と浮気エッチ,r18
/series/detail/168371,年下はサディスティック～彼と私の願望～,www
/series/detail/161041,年下悪魔に囚われて,www
/series/detail/177671,年下男子と秘密の契約～アラサーOLの処女、奪われました～,www
/series/detail/133871,年下男子に魅せられて 1,www
/series/detail/77391,幸せなら手をつなごう,www
/series/detail/154381,幻鎖・拘束,www
/series/detail/205781,幼ちゅー,r18
/series/detail/155201,幼なじみとびしょ濡れエッチ ～ただの幼なじみのままではいたくない！！ 1,r18
/series/detail/225691,幼なじみと兄が赤い糸で結ばれている話 1,www
/series/detail/201871,幼なじみのセフレが彼女に変わる時,r18
/series/detail/114631,幼姫萌絶天国,r18
/series/detail/84941,幼術師,r18
/series/detail/153671,幼馴染とそんな関係になったワケ。,www
/series/detail/226491,幼馴染と妄想えっち!?～『好き』じゃないのにとろけちゃう～【合冊版】,r18
/series/detail/176881,幼馴染の裏事情～お前で抜いた夜～,www
/series/detail/225551,幼馴染みの顔が良い 1,www
/series/detail/158951,底なし・フリーフォールロマンス,www
/series/detail/201911,座敷娘,r18
/series/detail/168201,弁当男子ーできる男はよく食べるー,www
/series/detail/186891,強制メイド～オヤジのバイトはH込み！？～,www
/series/detail/138151,弾 アモウ 1,r18
/series/detail/176471,彼×私×兄…全部見られてＨ,www
/series/detail/166181,彼がオトコに変わる時～心の次に、カラダが繋がる～,www
/series/detail/136991,彼がドアを開けた,www
/series/detail/137001,彼が初恋,www
/series/detail/137011,彼と彼,www
/series/detail/145081,彼の指先・私の吐息 ～年下マッサージ師の淫指～ 1,www
/series/detail/197641,彼の飼い方,www
/series/detail/45741,彼女の体育祭,r18
/series/detail/194361,彼女の妹 1,r18
/series/detail/136891,彼氏シェアリング,www
/series/detail/160151,彼氏のオモチャはじめました。completeversion,www
/series/detail/134211,征服されざる太陽,www
/series/detail/42541,後宮学園,r18
/series/detail/168841,後輩はジャージを着たマジシャン？～ちょっとソコをなでられただけで逆らえなくなった私～,www
/series/detail/156471,御主人様、もふもふして下さい！,www
/series/detail/171531,御伽の国の出張ホスト,www
/series/detail/177131,微・少女図鑑 1,r18
/series/detail/45281,微熱恋愛物語 1,r18
/series/detail/101121,必殺!! 地獄拳法,r18
/series/detail/161701,忘れえぬこと,www
/series/detail/185911,快感☆ご奉仕いたしますっ,www
/series/detail/144721,快感♡まんスジ娘,r18
/series/detail/156371,快感インビテーション,www
/series/detail/171511,快感クリニック,www
/series/detail/155691,快感フォーチュン,www
/series/detail/176621,快感授業,www
/series/detail/158891,快感銭湯,www
/series/detail/131761,快楽エンドレス,www
/series/detail/183321,快楽箱庭,www
/series/detail/43641,快盗熟女クロアゲハ,r18
/series/detail/158941,性愛・衝動,www
/series/detail/154931,性愛のススメ,www
/series/detail/168411,性感帯個人レッスン～年下に、こんなに感じるなんて～,www
/series/detail/201801,性感霊感巫女少女みこまん 1,r18
/series/detail/186981,性転換美女、絶倫男に嬲られて,www
/series/detail/152641,性露含,www
/series/detail/156981,恋 廻,www
/series/detail/149791,恋コロリン♪,www
/series/detail/181731,恋して　さわって,www
/series/detail/150081,恋して淫魔 ～夢の中で逢いましょう 1,www
/series/detail/152741,恋するオネエのお料理教室 ～ナカはとろ～りアツアツね 1,www
/series/detail/152601,恋するクラウン,www
/series/detail/132221,恋するシュガー,www
/series/detail/167111,恋するピアノおんなのこ～私のカラダもタッチして～,www
/series/detail/158241,恋するベクトル,www
/series/detail/217311,恋するヤンキー君とランデブー,www
/series/detail/124451,恋する僕らの経験値,www
/series/detail/148821,恋する少女は負けない!! -ネガティブ・ラヴァーズ 4-,r18
/series/detail/166201,恋とえっちの礼儀作法～もしも最初に失敗しても～,www
/series/detail/121851,恋のメビウス,r18
/series/detail/74761,恋のメルヘン,r18
/series/detail/152791,恋の初心者マーク,www
/series/detail/184301,恋の味・蜜の味,www
/series/detail/193721,恋の悩みに愛情調査薬,www
/series/detail/44321,恋の活造り,r18
/series/detail/196271,恋の熱は伝染るんです,www
/series/detail/217361,恋の睦ごと四十八手 1,r18
/series/detail/156991,恋の詰め将棋,www
/series/detail/165971,恋はいつもハッピーエンド,www
/series/detail/169251,恋はそこに落ちていた,www
/series/detail/217331,恋はモンスター 保護者と教師 イチャラブしたいの!! 合冊版,www
/series/detail/58751,恋は猪突猛進,r18
/series/detail/217321,恋は腕力 お嬢様はガテン男に一晩中愛されちゃいました 合冊版,www
/series/detail/147131,恋乳ママン,r18
/series/detail/155311,恋人・絶賛発情中！！,www
/series/detail/137131,恋人に見えたらいいのに,r18
/series/detail/137141,恋人はダブルのスーツ,www
/series/detail/132141,恋人はボディガード,www
/series/detail/148881,恋人は俺サマ宇宙人!? ～たくさん喘がせてあげる☆ 1,www
/series/detail/41281,恋人交換,r18
/series/detail/157061,恋喰い,www
/series/detail/135411,恋愛Doll,www
/series/detail/186111,恋愛リスクコンサルタント 1,www
/series/detail/157001,恋愛中毒,www
/series/detail/165891,恋愛以上セフレ未満,www
/series/detail/159401,恋愛捜査 ～セクハラ社長と俺の淫らなABC～,www
/series/detail/113761,恋愛献身Sex Love,r18
/series/detail/76101,恋愛百花～華～ 加藤マユミ短編集,r18
/series/detail/156021,恋愛眼鏡,www
/series/detail/192831,恋愛逃避,www
/series/detail/158211,恋獄奇憚 ～Ｓ系騎士と淫蜜の誓い～ 1,www
/series/detail/155321,恋的。,www
/series/detail/134131,恋色万華鏡,www
/series/detail/137121,恋闇夜曲,www
/series/detail/169521,恥ずかしいカイカン～エスカレート露出LOVE～,www
/series/detail/155101,恥ずかしメガネ三兄弟,www
/series/detail/145461,息をひそめて抱いて 1,r18
/series/detail/166001,悦楽Mエクスプレス　～車内窓際は、快感指定席～,www
/series/detail/177611,悦楽の花に抱かれて 1,www
/series/detail/168161,悪～WARU～,www
/series/detail/171481,悪い仔猫の性感帯,www
/series/detail/154231,悪い子のススメ,www
/series/detail/140241,悪戯ッ子♡ぱ～てぃ,r18
/series/detail/131641,悪魔かもしれない 1,www
/series/detail/58871,悪魔っ娘♡Trouble,r18
/series/detail/186241,悪魔と僕の百日譚 第一話　必死な悪魔がやってきた,www
/series/detail/133861,悪魔と私のヤジルシ恋物語 1,www
/series/detail/213181,悪魔のあめ玉 -中森愛単行本未収録作品集- 1,r18
/series/detail/148581,悪魔ホストにお仕置き!!,www
/series/detail/133781,悶尻,r18
/series/detail/178491,想定外 01-告白。,www
/series/detail/178411,想定外の恋人,www
/series/detail/137261,想定外膣内射精,r18
/series/detail/131651,意地悪な彼のお世話します！ 前編,www
/series/detail/220741,愛、その気にさせて,r18
/series/detail/225561,愛しい距離の縮め方。,www
/series/detail/134501,愛しさを殺せない,www
/series/detail/132471,愛しているのに愛せない,www
/series/detail/134461,愛してる愛してない,www
/series/detail/127401,愛しのバニーメイド,r18
/series/detail/185931,愛だけが欲しかった,www
/series/detail/49971,愛ちゃんのいけない童話館,r18
/series/detail/224841,愛ちゃんのいけない童話館 2 コミックス未収録作品,r18
/series/detail/146041,愛と欲望はクレイジーで,www
/series/detail/163741,愛と液とにまみれた体,r18
/series/detail/146051,愛と蜜をキミへ,www
/series/detail/43671,愛のカタチ,r18
/series/detail/217111,愛のみるく人形,r18
/series/detail/44811,愛の妙薬・恋の化学,r18
/series/detail/136221,愛の鎖に囚われて,www
/series/detail/133641,愛を乞う,www
/series/detail/142411,愛欲・発情メンズ ～哀願派遣,www
/series/detail/142421,愛欲・発情メンズ ～愛玩リーマン,www
/series/detail/154211,愛欲執事　愚弟カップリング計画,www
/series/detail/168131,愛欲遊戯な執事様,www
/series/detail/201671,愛犬ライフ,www
/series/detail/154201,愛玩ドール100%,www
/series/detail/162261,愛玩人形シリーズ　ぶっかけ丸の場合 第1回から4回まで,r18
/series/detail/157351,愛玩彼氏,www
/series/detail/156331,愛玩秘書,www
/series/detail/176341,愛縛 ―2人の恋人―,www
/series/detail/130241,愛罪 1,www
/series/detail/155661,愛部,www
/series/detail/180031,感じる？ ロマンス3,r18
/series/detail/136311,感じるままに抱かれたい！ 幸せになろうよ,www
/series/detail/226371,慰めてあげる～夫じゃないのに淫らに乱れて～,r18
/series/detail/47061,憂母 Painful Love,r18
/series/detail/132031,憎みきれないろくでなし,www
/series/detail/175831,憧れの女性が実母になった日,r18
/series/detail/163151,成人向けネコマンガ！,r18
/series/detail/163691,成功率100％の世界,r18
/series/detail/132381,打ち合わせはベッドルームで、君と。 1,www
/series/detail/217901,抱いていいなら、抱かせろよ～宮大工男子は屈強で淫ら～ 1,www
/series/detail/145271,抱いてやるからエロく鳴け！～ドＳアイドル様のいいなり 1,www
/series/detail/152351,抱かれないと出られない！！～３人の御曹司と囚われの私 1,www
/series/detail/197101,抱かれる関係,r18
/series/detail/219871,抱き尽くすまで離さないから～チャラ男上司の深い溺愛 1,www
/series/detail/167751,拘束～手も足も出ない～,www
/series/detail/155361,拘束しちゃうオトシゴロ,r18
/series/detail/156481,拘束志願！？,www
/series/detail/207301,拾った子猫と episode 1,r18
/series/detail/145341,指導お願いします,r18
/series/detail/43461,挿入ガール,r18
/series/detail/188321,捧げるカラダ【分冊版】 1,www
/series/detail/134301,探偵見習い藤吉君のヒミツ,www
/series/detail/158221,推しメン姦視中！！,www
/series/detail/47201,携帯操作,r18
/series/detail/218751,撮らないで!!お父さんっ 呂,r18
/series/detail/155181,放熱ＪＩＶＥ,www
/series/detail/50521,放課後 -After School-,r18
/series/detail/224661,放課後・先っぽチュッチュ♪,r18
/series/detail/141051,放課後、拘束 ～先輩の甘い命令～,www
/series/detail/130411,放課後Ｈタイム,r18
/series/detail/47631,放課後デート倶楽部,r18
/series/detail/214861,救いのサイコキラー 1話,r18
/series/detail/159311,教イク実習生 Complete Version,www
/series/detail/131721,斬奸ZANKAN! 神器争乱編 ～ノベライズ版～,r18
/series/detail/131861,新世紀無頼伝・侠子エクスプロージョン,r18
/series/detail/163171,新婚ごっこで最後はグー！,r18
/series/detail/185121,新装版 風の十二方位,r18
/series/detail/50411,新造人間ストラグルバニー 壱,r18
/series/detail/165611,日々ゾンビ １～４話,www
/series/detail/50601,昇天コマンド,r18
/series/detail/130141,明日、となりには。,www
/series/detail/218351,明日から他人のふたり?,r18
/series/detail/134221,星に願いを,www
/series/detail/134241,星海プラント,www
/series/detail/134051,春にして君を想う,www
/series/detail/46701,春よ、来い 1,r18
/series/detail/46731,春らんまん 1,r18
/series/detail/223711,春日狂想,www
/series/detail/142961,昼顔妻は眠れない,www
/series/detail/157441,時々ボクらは子供のようだ,www
/series/detail/168061,時を止めて～街頭、電車、会社でハメられて～,www
/series/detail/184831,時計じかけのシズク,r18
/series/detail/130841,時間ですヨ♡,r18
/series/detail/169541,時間よ止まれ～アナタの全てが愛おしい～,www
/series/detail/226501,時間停止して同級生ハーレム,r18
/series/detail/187101,時間外営業ランデブー,www
/series/detail/225601,普通の恋愛 favorite reason,www
/series/detail/76175,晴れときどきぬれねずみ,r18
/series/detail/148981,暴君セレブとブラック婚約 ～そんなに意地悪しないで… 1,www
/series/detail/197241,暴君彼氏 ～6 UNDER GROUND～【完全版】 1,www
/series/detail/171551,暴走男子童貞系,www
/series/detail/41761,曲がってそーろう 1,r18
/series/detail/169551,最初のカレがテクニシャン,www
/series/detail/154011,最強ヤンキー娘が俺の前ではエロくて可愛い 1,r18
/series/detail/184431,最後に口づけて,www
/series/detail/136571,最後の三月,www
/series/detail/177291,最高の関係 1,r18
/series/detail/173311,月とさくらんぼ,r18
/series/detail/136461,月に明かす,www
/series/detail/145621,月下征服,www
/series/detail/186841,月下美人,www
/series/detail/132541,月光奇譚,www
/series/detail/152431,有川教授は溺愛が過ぎるようです。 1,www
/series/detail/205741,期限付きセックスお願いします,www
/series/detail/133041,木曜日にもう一度,www
/series/detail/132211,木漏れ日の楽園,www
/series/detail/145351,未亡人は、いいなり。 1,www
/series/detail/220431,未亡人はお元気印 DX版 1,r18
/series/detail/212941,未完成の本番7/8,r18
/series/detail/42451,未完成制服少女,r18
/series/detail/179811,本命カレシ,www
/series/detail/134281,束縛,www
/series/detail/127801,来福OL幸呼さん,r18
/series/detail/41591,東京まくわうり荘,r18
/series/detail/198041,東京少年キネマ,www
/series/detail/220851,東宰先生と僕,www
/series/detail/136971,東風に舞う梅,www
/series/detail/46171,松尾元敬未収録作品集1,r18
/series/detail/46341,松尾元敬未収録作品集2,r18
/series/detail/180931,松竹梅三人娘 「全身が暖かくなってピリピリしびれる快感だよ」,r18
/series/detail/184961,果てしなく、ただお前を,www
/series/detail/157751,某ネットカフェでの出来事,r18
/series/detail/209091,柴と要のものがたり 1 ‐Love Me Tender‐,www
/series/detail/222561,校内写生 アナザーストーリー×JULIET 真夜中の美少女編,r18
/series/detail/222261,校内写生×ANGEL 学園美少女編,r18
/series/detail/222271,校内写生×ANGEL 恋する美少女編,r18
/series/detail/222251,校内写生×ANGEL 電車美少女編,r18
/series/detail/176661,校内写精 舞子先生と教室で…,www
/series/detail/156671,桃色・性感カルテ,www
/series/detail/130901,桃色デリバリー,r18
/series/detail/158961,桃色パンティノン伝説,www
/series/detail/220721,桃色人妻日記 素肌の輪舞 合本版 1,r18
/series/detail/148701,桃色天使,www
/series/detail/121201,桃色少女,r18
/series/detail/187061,桃色少女液,r18
/series/detail/176591,案ずるよりＨはやさしい★,www
/series/detail/225641,案ずるより産むが易し,www
/series/detail/161671,桜花雨降りしきる,www
/series/detail/222581,桜通信 大合本 1,r18
/series/detail/145201,森野うさぎ短編集01,r18
/series/detail/188301,椿の鈴 1,www
/series/detail/157891,極エロ担当医の愛蜜ジュルジュル診断 1,www
/series/detail/136401,極上彼氏。,www
/series/detail/158201,極道３兄弟の蜜獄ペット ～仁義なきイジられ嫁～ 1,www
/series/detail/153391,極道男子と板前さん ～イかせたもん勝ち 1,www
/series/detail/131211,楽園の檻 1,www
/series/detail/131831,楽園を追われても,www
/series/detail/137281,機械聖母,r18
/series/detail/50231,檻の中から,r18
/series/detail/148961,檻の中の王子様,www
/series/detail/168761,檻の中の男たち～Hはいつも刺激的に～,www
/series/detail/144211,欲情トライアングル 双子との禁断関係,www
/series/detail/168101,欲情夜行バス蜜の誘惑,www
/series/detail/158231,欲望食堂,www
/series/detail/41501,歌舞伎町★ダンディ,r18
/series/detail/136621,止まらない男,www
/series/detail/134451,正しいピルの飲み方,www
/series/detail/184051,正義上等！ 1,www
/series/detail/131301,武器よさらば,www
/series/detail/139801,歪んだ肉体関係 ～義兄弟の罪～,www
/series/detail/134021,残像現象,www
/series/detail/136591,残酷な愛の・虜囚,www
/series/detail/166071,毎日えっち～年下のオトコノコ～,www
/series/detail/156971,毛並みの良すぎる通い猫,www
/series/detail/133981,気まぐれ猫の愛し方,www
/series/detail/46201,気分はメルティ,r18
/series/detail/174251,気持ちいい発見,r18
/series/detail/146691,水の戯れ,r18
/series/detail/43381,水の戯れ,r18
/series/detail/166121,水無月夜話～夜を支配する性の掟～,www
/series/detail/201791,水着刑事 1,r18
/series/detail/167491,氷壁,r18
/series/detail/42111,永怪マグナム 未収録作品集,r18
/series/detail/41751,永田町一丁目七番地 1,www
/series/detail/195101,永遠に君がいる,www
/series/detail/136251,永遠の縛り,www
/series/detail/56451,汁を吸う縄,r18
/series/detail/138481,求む☆下宿メイト,r18
/series/detail/134781,汚された夜は,r18
/series/detail/136861,泉,www
/series/detail/132941,泡沫ノ夢 1,www
/series/detail/153481,泥酔オンナ ～お持ち帰りされた私… 1,r18
/series/detail/160451,浪漫亭の住人～浅黄～ 1,www
/series/detail/136301,海と君と瞳,www
/series/detail/165981,海へ行くのはまだ早い 第1巻　「クリーム」,www
/series/detail/132261,海堂くんの受難,www
/series/detail/143211,淫らなオフィス ～ドS社長と幼馴染みに玩具にされて 1,www
/series/detail/143541,淫らなランジェリー 1,www
/series/detail/226331,淫らな人妻に惑わされて～赦してあなた、私イッちゃいます…～,r18
/series/detail/182991,淫らな温泉取材旅行～獣のような先輩に何度もイカされて…～ 1,r18
/series/detail/179121,淫乱メガネと性少年～俺の先生がエロすぎて困る件,www
/series/detail/57701,淫女伝説,r18
/series/detail/126711,淫妖女剣伝アビラストラ,r18
/series/detail/187871,淫妻,r18
/series/detail/45561,淫妻,r18
/series/detail/159551,淫欲病棟 桃香はえっちな夢を見る,www
/series/detail/134111,淫猥天使,r18
/series/detail/131751,淫靡の館,www
/series/detail/193661,淫靡の館【分冊版】 1,www
/series/detail/42221,淫靡帝国,r18
/series/detail/178671,淫魔の棲む地下室,www
/series/detail/131681,淫魔の生贄 〜蛇霊狩り〜,www
/series/detail/126651,深夜+2,r18
/series/detail/179051,深夜のオフィスで３P！？～三十路ダメリーマンのHな残業～,www
/series/detail/152191,深夜少年,www
/series/detail/44871,深紫&#039;72伝説,r18
/series/detail/153721,清掃員の裏業務 ～社員専用性処理当番 1,r18
/series/detail/137961,渋谷少女リアル,r18
/series/detail/133651,溢れる。,www
/series/detail/223321,溺愛副支配人の極上愛撫 1,www
/series/detail/209201,溺愛彼氏のヒモ男生活 000話～005話,www
/series/detail/163141,漫画家の性 前編,r18
/series/detail/150691,激情! 白いうなじのわななき,r18
/series/detail/200561,激淫ハーレムゲーム,r18
/series/detail/177661,濡れたプール教室～先生もっと教えて～,www
/series/detail/126971,濡れてる理由,r18
/series/detail/156741,濡れる放課後,www
/series/detail/147921,濡れ牝色情ポルノ,r18
/series/detail/157361,火をつけたアナタの責任最後まで,www
/series/detail/133911,炎のカケラ,www
/series/detail/202161,無口なサキュバスに食料として捕獲された話。 見開き版,r18
/series/detail/177781,無敵のプリンセス,www
/series/detail/178191,無機物擬人化 ネクタイ×高級シャツ～結んで・アイして～,www
/series/detail/177691,無理矢理H いじわるに愛されたい,www
/series/detail/148531,無知と無垢 1,www
/series/detail/202871,無知なJK狐娘と神社で種付け援交セックス！～お金の代わりは油揚げ？～ 見開き版,r18
/series/detail/133921,煙草とハンバーガー,www
/series/detail/142201,煩悩生徒会 unlimited,r18
/series/detail/42291,熱い夜,r18
/series/detail/217341,熱しやすく冷めにくく 超強引な熱いキスにご用心!? 合冊版,www
/series/detail/157451,燃えよ宝裸コーポレーション,www
/series/detail/156751,燃ゆる頬,www
/series/detail/41341,片翼の天使,r18
/series/detail/134371,片道バッテリー,www
/series/detail/47691,特上！親娘丼,r18
/series/detail/76551,特殊乳対性理論,r18
/series/detail/132551,犬と女王様 上,www
/series/detail/136471,犬の生活,www
/series/detail/195351,狐の魂呼い 1,www
/series/detail/134271,狙われたクチビル,www
/series/detail/135241,狼女・羊男,www
/series/detail/150111,猛獣男子は発情中 ～私、食べられちゃう！？ 1,www
/series/detail/136691,猟姦遊戯,r18
/series/detail/47491,猥婦まにあ,r18
/series/detail/206871,猥談！女子校生の集い♪,r18
/series/detail/46411,猫じゃ猫じゃ 1,r18
/series/detail/142871,猫の日常。ご主人様の淫らな行為,www
/series/detail/217641,猫よりたいへん♥,r18
/series/detail/62181,獣の痕跡,r18
/series/detail/156361,王子と執事,www
/series/detail/171501,王子様カフェへようこそ,www
/series/detail/157021,玩具少女,r18
/series/detail/223271,理想と真逆の恋人 それでも欲情するんです 1,www
/series/detail/41041,理想のカタチ,r18
/series/detail/68761,甘々少女,r18
/series/detail/185171,甘い、甘い鼓動,www
/series/detail/141011,甘いレッスン,www
/series/detail/185291,甘い毒と、恋の蜜 1,www
/series/detail/185301,甘い舌でとろけさせて,www
/series/detail/177621,甘い蜜の製造方法～半熟パティシエ熟れる蕾～,www
/series/detail/57741,甘くせつない夜,r18
/series/detail/225511,甘くて、ぬるい。 1,www
/series/detail/211701,甘く縺れる枷鎖の音,www
/series/detail/155381,生イキ！幼なじみに下剋上 1,r18
/series/detail/165351,生中出,r18
/series/detail/135061,生徒会室の密会,www
/series/detail/134601,生徒会長の秘密,www
/series/detail/168431,生徒指導室の使い方～生徒サイド編～,www
/series/detail/205751,生意気な女子を全裸にさせて心をへし折ってやったｗｗｗ,r18
/series/detail/156641,生日快楽,www
/series/detail/136381,生贄ちゃんが行く！,www
/series/detail/198171,男にしてください！ 1,www
/series/detail/169561,男の子って不思議だね,www
/series/detail/136881,男はそれをガマンできない,www
/series/detail/136951,男娼の恋,www
/series/detail/153411,男子限定★生徒会 ～下僕のボク 1,www
/series/detail/155091,男性の秘かな愉しみ,www
/series/detail/177701,男装処女マテリアル,www
/series/detail/148271,略奪ウエディング ～結婚式で攫われたけどこの人誰！？ 1,www
/series/detail/131151,番長桃色遊戯,www
/series/detail/207221,異世界痴女はエッチでたたかう 1,r18
/series/detail/211511,異形は夜　蜜を纏う １,www
/series/detail/226321,疼く人妻の一夜の秘め事～久々情事に豊肉は熱を帯びて～,r18
/series/detail/178971,癒！筆おろしキャットドリーム,www
/series/detail/153131,癒しの秘密,r18
/series/detail/179111,発情トラップ～調教刑事とあえぐドロボウ猫～,www
/series/detail/143241,発情兄貴 ～妹の愛し方～ 1,r18
/series/detail/206781,発情前はアレですが、番にして 1,www
/series/detail/146411,発情期の妖精はジョギングお姉さんと交尾する,r18
/series/detail/226251,発情玩具になったオレ～ボールの見た夢～【豪華版】,www
/series/detail/176791,白Tシャツを脱がして～若社長×ガテン系～,www
/series/detail/156001,白馬な王子様,www
/series/detail/43151,皐月みかず作品集 夜はふたりで,r18
/series/detail/178171,盗撮～万引き少年、脅されて白濁す～,www
/series/detail/143111,盗撮プレイ ～愛の告白,www
/series/detail/187031,監督とBL声優！,www
/series/detail/161661,監視員日記,www
/series/detail/127361,盲目市子物語,r18
/series/detail/134071,真・美少年と野獣,www
/series/detail/100541,真夜中の教室,r18
/series/detail/176901,真赤に流れる僕らの血潮～インテリ運転手×犯され坊ちゃま 1,www
/series/detail/176321,真面目OL、先輩営業マンにご奉仕します,www
/series/detail/137101,眠られぬ夜のために,www
/series/detail/157461,眠れないのは誰のせい,www
/series/detail/161681,瞳の奥,www
/series/detail/45801,知りたいお年頃,r18
/series/detail/152651,知りたいこと知らないこと,r18
/series/detail/140831,破廉恥接吻（はれんちキス）,r18
/series/detail/155451,社畜クンの魂は猫缶何個ぶん？ 1,www
/series/detail/218131,社長と秘密のお仕事～アラサー処女は超絶テクで奪われたい～ 1,www
/series/detail/193241,神に仇なすモノ,r18
/series/detail/41641,神性の生贄,r18
/series/detail/184311,神様の前で誓って,www
/series/detail/187861,神様よりもヤクザさま！？（プロトタイプ）,www
/series/detail/158131,禁区！,www
/series/detail/125591,禁断のノクターン,r18
/series/detail/176291,禁断の密室、義父とセフレ性活,www
/series/detail/168791,禁断の後門～え？意外とキモチイイ～,www
/series/detail/145671,禁断の愛 危険な愛＆背徳のＨ,www
/series/detail/215591,禁断の林檎,r18
/series/detail/176671,禁断ラブホでエロテスト！,www
/series/detail/141661,禁断家族 ～加賀美家の人々～（フルカラー）,www
/series/detail/142761,禁断通勤快感電車,r18
/series/detail/167131,私、脱いだら…ひどいんです（泣）!!,www
/series/detail/167431,私がハダカに着替えたら,www
/series/detail/169301,私のおいしい調理法～カレは女体のパティシエ～,www
/series/detail/167011,私のカラダ試してよ～美味しいえっち出来ますか？～,www
/series/detail/222941,私のナマイキ天使くん 1,www
/series/detail/177101,私の保健室へおいで,r18
/series/detail/134951,私はせんせい,www
/series/detail/165961,私を支配するお兄さん,www
/series/detail/134031,私立浪矢学園,www
/series/detail/179901,秘めごと ロマンス2,r18
/series/detail/171791,秘めごとの関係,r18
/series/detail/188061,秘姫まつり,r18
/series/detail/137061,秘密と花園,www
/series/detail/197861,秘密のヌード～心も裸になる～,www
/series/detail/132181,秘密の恋人たち,www
/series/detail/223361,秘密の花園【分冊版】 1,www
/series/detail/137191,秘密の部屋へようこそ,r18
/series/detail/134341,秘密の関係,www
/series/detail/208891,秘書と脚,r18
/series/detail/148641,秘書課三銃士とペット女社長 1,www
/series/detail/56591,秘蜜のささやき,r18
/series/detail/212961,移動性高気圧,r18
/series/detail/134881,種憑け村～捧げられた裸女の性祭～ 1,r18
/series/detail/176441,穢されて…私は彼の性処理婚約者,www
/series/detail/44961,空想少女綺譚,r18
/series/detail/171461,童貞の魔法♥,www
/series/detail/155941,童貞先生！,www
/series/detail/148951,童貞彼氏 ～ヘタレわんことツンデレ王子～,www
/series/detail/156681,童貞教室,www
/series/detail/158981,童貞治療プレイ,www
/series/detail/149091,童貞王子!!,www
/series/detail/143331,第三の帝国 1,www
/series/detail/193671,箱庭のサロメ 第1話　あなたの秘密　わたしの素直,www
/series/detail/194551,箱庭のヒミツ,www
/series/detail/195441,箱庭の約束,www
/series/detail/158351,籠の中の禁愛飼育 1,www
/series/detail/183711,籠の鳥 1,www
/series/detail/44551,紅粉偵探社,r18
/series/detail/195521,紅蝶椿,www
/series/detail/134521,純情エクスタシー,www
/series/detail/179611,純愛（ロマンス）,r18
/series/detail/152971,素人ＯＬえっち ～●●さん、ワタシに命令して下さい！,r18
/series/detail/154951,素直になって、そばにいて。,www
/series/detail/177361,素股？ えへっ、じゃあ、やってみよっ!!,r18
/series/detail/215981,紺りりinカァネイション この世で1番かわい子ちゃんのお話,www
/series/detail/159241,終わらない夜 1,www
/series/detail/218601,終電で熟睡はヤッていいってことだよね～妹を起きるまでハメ倒し～ 1,r18
/series/detail/186821,組曲・子供の情景,r18
/series/detail/149381,結婚体験プログラム ～体の相性試してOK～ 1,www
/series/detail/130151,絡みつく欲望の視線,www
/series/detail/185271,絶倫♂はおネェ系～深夜のオフィスで襲われて～,www
/series/detail/159331,絶倫ヴァンパイア！complete version. 1,www
/series/detail/186991,絶倫カップル孕むまで愛して!!,www
/series/detail/152961,絶望人妻,r18
/series/detail/153511,絶望妻 ～ネトリ。 1,r18
/series/detail/152811,絶望妻 ～不倫禁止！！ 1,r18
/series/detail/152801,絶望妻 闇金編,r18
/series/detail/184411,絶頂LOVE！,www
/series/detail/185981,絶頂LOVE×2,www
/series/detail/201831,絶頂巨乳アイドル攻められ系 ～嬲られてイッちゃう！ アイドルの誰にも言えない過去と私生活～ 1,r18
/series/detail/226481,絶頂行き寝台特急 スケスケ☆ラブトレイン,www
/series/detail/120811,繁みの誘惑,r18
/series/detail/166111,罠（ワナ）。私のカラダは四人の男にＸＸＸ,www
/series/detail/159221,美しい美しい美しい,www
/series/detail/126311,美亜子、風に揺れる街。,r18
/series/detail/64881,美少女・あげる,r18
/series/detail/44101,"美少女Hスクール,気ままにエッチBEAT! 美少女Hスクール",r18
/series/detail/134351,美少年と野獣,www
/series/detail/144221,翼の折れたエンジェル ～インモラルラブ～,www
/series/detail/161711,老いと若きの間,www
/series/detail/185641,耳サブレ【分冊版】 1,www
/series/detail/144611,耳を舐めないでッ ～年下の御曹司は小悪魔クン 1,www
/series/detail/126811,聖いちご学園,r18
/series/detail/136661,聖乳,r18
/series/detail/209171,聖夜のバカップル,www
/series/detail/151771,聖水戦士セイントシャワー,r18
/series/detail/215181,聖痕 -しるし- 第一話　再会,www
/series/detail/127831,聖隷,r18
/series/detail/218761,肉便ちゃん 肉便ちゃん　001,r18
/series/detail/163161,肉欲とカタルシス,r18
/series/detail/159531,肉食男子と濡れキュン処女,www
/series/detail/223261,肉食系デザイナーとエッチ過ぎる同居生活!? 1,www
/series/detail/169281,肉食系女子の礼儀作法～大胆に、秘めやかに～,www
/series/detail/176481,肉食系求ム～年下男子にひらかれて～【合冊版】,www
/series/detail/182401,背中越しに恋の花,www
/series/detail/131061,背徳のメヌエット,r18
/series/detail/42511,背徳の小羊たち,r18
/series/detail/136551,背徳ラビリンス,www
/series/detail/179091,脅迫調教～歪んだ罠～,www
/series/detail/226471,脚フェチ独占契約,www
/series/detail/44291,脱がしちゃイヤ！,r18
/series/detail/142791,腰を振ってレベルアップ!? -ラブクエスト-,www
/series/detail/184391,自転車と黒いパーカー,www
/series/detail/195831,至福のドレス,www
/series/detail/201851,舞は指だけじゃイヤ 1,r18
/series/detail/180801,色彩のClair(クレール) ~君の色になりたい~ エピソード１,www
/series/detail/152041,花,www
/series/detail/167001,花冷え～ただ一度の禁断の姉弟の「夜」～,www
/series/detail/133941,花咲くドール,www
/series/detail/136291,花堕とし,www
/series/detail/158121,花氷,www
/series/detail/178091,花魁にいさん,www
/series/detail/44831,芽醒め,r18
/series/detail/226341,若奥様の秘めゴト～夫に飽きたわけじゃないの～,r18
/series/detail/148381,若妻・麻梨花,r18
/series/detail/128071,若妻の火照り,r18
/series/detail/218581,若妻濡れるお触り電車,r18
/series/detail/184141,若者の日常 第1話,r18
/series/detail/146671,若葉といっしょ,r18
/series/detail/143491,茜ちゃんPANIC！,r18
/series/detail/178121,茶之木家三兄弟～勃ててかき混ぜゴックン濃い茶～,www
/series/detail/183201,華摘み者,www
/series/detail/144591,華散るが如く 1,www
/series/detail/74971,華隷奴,r18
/series/detail/131311,萌黄色の季節～ボクたちの初体験～ 1,www
/series/detail/132491,落花,www
/series/detail/41191,蒸気王神話伝説 Ladyワトソン,r18
/series/detail/126991,蕾の誘惑,r18
/series/detail/175441,薄明の刻 第1話 波間の人々,www
/series/detail/178581,薄明の刻 第1話 番外編 秘密①,www
/series/detail/192771,薄明の刻 第1話 番外編 秘密②,www
/series/detail/207941,薄明の刻 第1話 番外編 秘密③,www
/series/detail/209901,薄明の刻 第1話 番外編 秘密④,www
/series/detail/219441,薄明の刻 第1話番外編 秘密⑥,www
/series/detail/157081,薔薇の王子様,www
/series/detail/174331,藤に竜♡ 1,www
/series/detail/184471,虹色の海に映る月,www
/series/detail/188281,蜜乳,r18
/series/detail/212471,蜜毒の檻 医師の欲望に捕らわれて 1,www
/series/detail/160581,蜜毒の鎖 1,www
/series/detail/135321,蝶と愛しい蜜,www
/series/detail/146621,裏S王子の欲情レッスン！妄想女子はえっちな漫画がお好き 1,www
/series/detail/158451,裏アリお姫様のおもてなし顔,r18
/series/detail/153421,裏女 ～秘密の関係,r18
/series/detail/46941,裏救世主Ｒ,r18
/series/detail/221221,裏稼業 必殺仕置き人 闇の淫殺者 分冊版 1,r18
/series/detail/222321,裏銀河戦国群雄伝 1,r18
/series/detail/196621,裸のヴィーナス,www
/series/detail/167171,裸族の夜 - NIGHT OF RAZOKU-,r18
/series/detail/168171,褐色のマーメイド,www
/series/detail/200571,見つめて恋してつかまえて 1,r18
/series/detail/158411,視線の行方【完全版】,www
/series/detail/135671,親にも言えない(秘) 1,www
/series/detail/187041,親友が僕の不感症を治そうと必死です 1,www
/series/detail/179081,親友にちくび舐められました！？,www
/series/detail/186961,親友の夫にネトラレて!!,www
/series/detail/134181,親友以上恋人未満,www
/series/detail/167741,親友以上恋人未満～最高に切ない「片想い」～,www
/series/detail/184331,観に勇次 1 ～ブラコンリーマンのウソだろ!?恋愛～,www
/series/detail/201741,触れて感じて 1,r18
/series/detail/115771,触手,r18
/series/detail/143901,言霊,r18
/series/detail/153581,診察シテヤル。～ドS上司の診療室 1,www
/series/detail/184571,診察室へおいで,www
/series/detail/226351,誘う人妻にのせられて～淫らに咲き乱れる熟した肢体～,r18
/series/detail/144201,誘惑！？快感Body ～ケナゲの行方～,www
/series/detail/134581,誘惑ガール,r18
/series/detail/157561,誘惑の香り,www
/series/detail/125471,誘惑パンティ,r18
/series/detail/201861,誘惑処女 1,r18
/series/detail/154561,読者体験コクハク彼女の場合 ～女王と下僕～ 1,www
/series/detail/198081,誰にも言えない・秘密のH旅行,www
/series/detail/128431,警告！ムフフAREA,r18
/series/detail/64791,豪流寺パラドックス,r18
/series/detail/200611,豪華客船でイク！婚活OL淫獄クルーズ ～玉の輿に乗りたきゃ、いうことを聞け！～ 1,r18
/series/detail/145511,豹変★エロス ～私を濡らすのは誰？,www
/series/detail/185451,貧ショージング・ストーリーズ,r18
/series/detail/134261,責任とらせてもらいます。,www
/series/detail/190601,貴方に好きと言われたい,www
/series/detail/170011,貴方の傍らに、ただ僕は居たいのです,www
/series/detail/133991,貴方は世界一のファン,www
/series/detail/136761,赤い服の女,r18
/series/detail/136841,赤い絆,www
/series/detail/177731,赤道係数,www
/series/detail/165921,超S彼氏が出来るまで,www
/series/detail/75941,足の先からエデンを生やせ,r18
/series/detail/137161,跪いて永遠を誓え,www
/series/detail/134191,身代わりH,www
/series/detail/201841,転校生の席がオレの膝の上に決まったのでハメてみた 1,r18
/series/detail/153841,輪廻転性 ～忘れられない肌触り 1,r18
/series/detail/157571,辣腕社長の昼と夜,www
/series/detail/200551,近親恋愛～見つめてほしいの!姉の切ない想い～ 1,r18
/series/detail/153071,追われる女 ～人妻の秘密,r18
/series/detail/156381,逆転プレイ主義,www
/series/detail/46251,通りすがりの猫,r18
/series/detail/222571,遊人の幕の内弁当,r18
/series/detail/219111,遊星からの物体SEX,r18
/series/detail/49401,遊裸戯～妹愛奴～,r18
/series/detail/145611,運をよぶ男,www
/series/detail/133951,過去の欠片,www
/series/detail/160301,那波18歳♂ママになりました 1,www
/series/detail/167151,都合のいい少女 -Convenient Girl-,r18
/series/detail/178961,野獣カレシ～囚われの爆乳少女,www
/series/detail/168051,野獣上司と溺愛義弟に迫られて～姉は誰にも渡さない～ 1,www
/series/detail/134421,野良犬の躾け方,www
/series/detail/152591,野良猫純情派,www
/series/detail/41531,"針の誘い,学園天国 針の誘い",r18
/series/detail/134321,鉄の十字架,www
/series/detail/134001,銀色二枚からの愛情,www
/series/detail/152251,閉ざされた扉,r18
/series/detail/197051,閉じこめたいの,www
/series/detail/150981,閉じ込められると濡れちゃうの…～密室発情症 1,www
/series/detail/168311,閉店を待てない～カフェ店長と淫らな恋愛小説～,www
/series/detail/142431,開脚アナ生放送,r18
/series/detail/152611,開運エッチ ～あなたのカラダを診断します,r18
/series/detail/136321,間島と堂目,www
/series/detail/161651,間違いな男たち,www
/series/detail/211361,関西弁上司は肉食系～イジワルしながら抱いてもええ？ 1,www
/series/detail/163521,闘魔戦国絵巻,r18
/series/detail/226261,限界突破で求愛。愛する先輩は可愛い顔で私の××を…っ,www
/series/detail/137361,陽子崩壊 UNION,r18
/series/detail/137251,隠された穴,r18
/series/detail/149221,隣の彼はビッチストーカー ～部屋の前で発情されました,www
/series/detail/137181,隷嬢沙知,r18
/series/detail/137171,隷嬢美夜子,r18
/series/detail/155261,隷従の檻,www
/series/detail/160591,雪の鎖 仙道組若頭補佐「氷英会」会長氷室雪の軛 完全版,www
/series/detail/42061,雪桜 天使のお蔵出し,r18
/series/detail/133001,雪桜 真実と幻想と,r18
/series/detail/158421,雫の艶 1,www
/series/detail/47601,電撃エクスチェンジ,r18
/series/detail/126821,電脳少女張鈴美人,r18
/series/detail/148811,霊媒少年 -ネガティブ・ラヴァーズ 3-,r18
/series/detail/172421,霧の中の少女,r18
/series/detail/130581,露 -桜香の織-,r18
/series/detail/153431,露出女教師 ～スカートの中の秘密,r18
/series/detail/132111,青い僕の甘い恋,www
/series/detail/44761,青年の性的闘争,r18
/series/detail/132201,青春の賭け,www
/series/detail/198671,青空の下 恋ははじまる,www
/series/detail/148511,青空るーしーズ！ 1,www
/series/detail/134251,青薔薇 1,www
/series/detail/161751,風を聴く朝～シリーズ 浅間照臣シリーズ２,www
/series/detail/198241,風俗王 大合本 全4巻収録,r18
/series/detail/186921,食われそうな生活～肉食義兄と乱れる弟～,www
/series/detail/50181,飲尿女神 1,r18
/series/detail/125241,飲尿女神 2 単行本未収録巻,r18
/series/detail/136241,餌はスイートケーキ,www
/series/detail/131071,"首里と優一郎シリーズ Drive me,Crazy",www
/series/detail/131291,馴れ愛なんていらない 1,www
/series/detail/187521,魅せる形代 〇〇〇〇〇〇〇〇外伝その①,r18
/series/detail/177681,魅惑のコスプレH,www
/series/detail/67431,魔女っ子マイちゃん,r18
/series/detail/45621,魔女博士愛奴創造,r18
/series/detail/132481,魔法が解ける迄,www
/series/detail/182271,魔法の森の仲間たち ～魔法使いのうさぎちゃん編～,r18
/series/detail/49581,魔童桃語ソーサリータ 1,r18
/series/detail/141401,魔羅ノ介,r18
/series/detail/50571,魔討綺譚ZANKAN！ 1,r18
/series/detail/169531,鰯の鱗～父と兄と妹の「関係」～,www
/series/detail/47521,麗しのわさび茶漬け,r18
/series/detail/147401,麗奴の雫,r18
/series/detail/43851,麻美子先生のおしおき,r18
/series/detail/146191,黒い夜と夢魔の闇,r18
/series/detail/134861,黒い部屋と白い空,r18
/series/detail/128101,黒淫 -BLACK HUNT-,r18
/series/detail/168301,黒猫食堂～猫耳男子に囚われて～ 1,www
/series/detail/145501,黒翼の天使,r18
/series/detail/128111,黒蜜 -BLACK HONEY-,r18